target,backend,index,seed,status,best,train,holdout,trained,certified,population_solved,first_solved_gen,last_generation,last_population_mean,last_population_mean_raw,elapsed_s,timed_out,hard_timeout,stopped_early,effective_selection,history_rows,record,reason
2:1 MUX (temporal),fnv,0,203382121,recorded,0.888889,0.888888888888889,0.888888888888889,False,False,False,,245,0.453072,0.4530723905723906,601.36,True,False,time cap 600s,lexicase,246,jobs/2-1-mux-temporal_fnv/00/result.json,
2:1 MUX (temporal),fnv,1,204382124,recorded,0.888889,0.888888888888889,0.888888888888889,False,False,False,,548,0.617191,0.6171913580246914,600.28,True,False,time cap 600s,lexicase,549,jobs/2-1-mux-temporal_fnv/01/result.json,
2:1 MUX (temporal),fnv,2,205382127,recorded,0.888889,0.888888888888889,0.888888888888889,False,False,False,,597,0.567667,0.5676668470418471,601.17,True,False,time cap 600s,lexicase,598,jobs/2-1-mux-temporal_fnv/02/result.json,
2:1 MUX (temporal),fnv,3,206382130,recorded,0.888889,0.888888888888889,0.888888888888889,False,False,False,,600,0.563702,0.5637018999518999,557.69,False,False,,lexicase,601,jobs/2-1-mux-temporal_fnv/03/result.json,
2:1 MUX (temporal),fnv,4,207382133,recorded,0.888889,0.888888888888889,0.888888888888889,False,False,False,,600,0.500825,0.5008249158249158,437.37,False,False,,lexicase,601,jobs/2-1-mux-temporal_fnv/04/result.json,
2:1 MUX (temporal),fnv,5,208382136,recorded,0.888889,0.888888888888889,0.888888888888889,False,False,False,,600,0.458519,0.45851851851851855,576.44,False,False,,lexicase,601,jobs/2-1-mux-temporal_fnv/05/result.json,
2:1 MUX (temporal),fnv,6,209382139,recorded,0.888889,0.888888888888889,0.888888888888889,False,False,False,,600,0.565165,0.5651647195397196,533.88,False,False,,lexicase,601,jobs/2-1-mux-temporal_fnv/06/result.json,
2:1 MUX (temporal),fnv,7,210382142,recorded,0.888889,0.888888888888889,0.888888888888889,False,False,False,,600,0.554542,0.5545418470418471,593.91,False,False,,lexicase,601,jobs/2-1-mux-temporal_fnv/07/result.json,
2:1 MUX (temporal),fnv,8,211382145,recorded,0.888889,0.888888888888889,0.888888888888889,False,False,False,,600,0.35532,0.3553202661535995,185.11,False,False,,lexicase,601,jobs/2-1-mux-temporal_fnv/08/result.json,
2:1 MUX (temporal),fnv,9,212382148,recorded,0.888889,0.888888888888889,0.888888888888889,False,False,False,,257,0.577422,0.577421737213404,601.82,True,False,time cap 600s,lexicase,258,jobs/2-1-mux-temporal_fnv/09/result.json,
2:1 MUX (temporal),lut,0,203436362,recorded,0.803704,0.8037037037037037,0.7703703703703703,False,False,False,,128,0.532496,0.5324963924963925,604.41,True,False,time cap 600s,lexicase,129,jobs/2-1-mux-temporal_lut/00/result.json,
2:1 MUX (temporal),lut,1,204436365,recorded,1.0,1.0,1.0,True,True,True,310,313,1.0,1.0,458.37,False,False,population solved,lexicase,314,jobs/2-1-mux-temporal_lut/01/result.json,
2:1 MUX (temporal),lut,2,205436368,recorded,0.888889,0.888888888888889,0.888888888888889,False,False,False,,410,0.417074,0.41707351290684624,601.33,True,False,time cap 600s,lexicase,411,jobs/2-1-mux-temporal_lut/02/result.json,
2:1 MUX (temporal),lut,3,206436371,recorded,1.0,1.0,1.0,True,True,True,249,252,1.0,1.0,347.71,False,False,population solved,lexicase,253,jobs/2-1-mux-temporal_lut/03/result.json,
2:1 MUX (temporal),lut,4,207436374,recorded,0.888889,0.888888888888889,0.888888888888889,False,False,False,,435,0.436055,0.4360546171330485,601.37,True,False,time cap 600s,lexicase,436,jobs/2-1-mux-temporal_lut/04/result.json,
2:1 MUX (temporal),lut,5,208436377,recorded,1.0,1.0,1.0,True,True,True,71,73,1.0,1.0,96.53,False,False,population solved,lexicase,74,jobs/2-1-mux-temporal_lut/05/result.json,
2:1 MUX (temporal),lut,6,209436380,recorded,0.888889,0.888888888888889,0.888888888888889,False,False,False,,453,0.441285,0.44128548149381486,601.25,True,False,time cap 600s,lexicase,454,jobs/2-1-mux-temporal_lut/06/result.json,
2:1 MUX (temporal),lut,7,210436383,recorded,0.888889,0.888888888888889,0.888888888888889,False,False,False,,435,0.598137,0.5981369268881742,601.81,True,False,time cap 600s,lexicase,436,jobs/2-1-mux-temporal_lut/07/result.json,
2:1 MUX (temporal),lut,8,211436386,recorded,1.0,1.0,1.0,True,True,True,14,17,1.0,1.0,24.0,False,False,population solved,lexicase,18,jobs/2-1-mux-temporal_lut/08/result.json,
2:1 MUX (temporal),lut,9,212436389,recorded,1.0,1.0,1.0,True,True,True,59,62,1.0,1.0,300.5,False,False,population solved,lexicase,63,jobs/2-1-mux-temporal_lut/09/result.json,
2:1 MUX (temporal),nervous,0,202798252,recorded,1.0,1.0,1.0,True,True,True,388,390,1.0,1.0,279.46,False,False,population solved,lexicase,391,jobs/2-1-mux-temporal_nervous/00/result.json,
2:1 MUX (temporal),nervous,1,203798255,recorded,0.840278,0.8402777777777778,0.7582892416225749,False,False,False,,600,0.492586,0.492586456581064,190.8,False,False,,lexicase,601,jobs/2-1-mux-temporal_nervous/01/result.json,
2:1 MUX (temporal),nervous,2,204798258,recorded,0.888889,0.888888888888889,0.888888888888889,False,False,False,,600,0.664519,0.6645185524352191,265.84,False,False,,lexicase,601,jobs/2-1-mux-temporal_nervous/02/result.json,
2:1 MUX (temporal),nervous,3,205798261,recorded,1.0,1.0,1.0,True,True,True,68,72,1.0,1.0,10.53,False,False,population solved,lexicase,73,jobs/2-1-mux-temporal_nervous/03/result.json,
2:1 MUX (temporal),nervous,4,206798264,recorded,0.888889,0.888888888888889,0.888888888888889,False,False,False,,600,0.467897,0.46789682539682537,89.6,False,False,,lexicase,601,jobs/2-1-mux-temporal_nervous/04/result.json,
2:1 MUX (temporal),nervous,5,207798267,recorded,0.888889,0.888888888888889,0.888888888888889,False,False,False,,600,0.537536,0.5375358514941849,266.27,False,False,,lexicase,601,jobs/2-1-mux-temporal_nervous/05/result.json,
2:1 MUX (temporal),nervous,6,208798270,recorded,1.0,1.0,1.0,True,True,True,426,428,1.0,1.0,103.08,False,False,population solved,lexicase,429,jobs/2-1-mux-temporal_nervous/06/result.json,
2:1 MUX (temporal),nervous,7,209798273,recorded,0.888889,0.888888888888889,0.888888888888889,False,False,False,,600,0.552133,0.552132907297381,194.85,False,False,,lexicase,601,jobs/2-1-mux-temporal_nervous/07/result.json,
2:1 MUX (temporal),nervous,8,210798276,recorded,1.0,1.0,1.0,True,True,True,473,476,1.0,1.0,84.51,False,False,population solved,lexicase,477,jobs/2-1-mux-temporal_nervous/08/result.json,
2:1 MUX (temporal),nervous,9,211798279,recorded,1.0,1.0,1.0,True,True,True,235,237,1.0,1.0,110.29,False,False,population solved,lexicase,238,jobs/2-1-mux-temporal_nervous/09/result.json,
2:1 MUX,fnv,0,202718479,recorded,0.875,0.875,0.875,False,False,False,,562,0.70625,0.70625,602.26,True,False,time cap 600s,lexicase,563,jobs/2-1-mux_fnv/00/result.json,
2:1 MUX,fnv,1,203718482,recorded,1.0,1.0,1.0,True,True,True,197,199,1.0,1.0,101.72,False,False,population solved,lexicase,200,jobs/2-1-mux_fnv/01/result.json,
2:1 MUX,fnv,2,204718485,recorded,1.0,1.0,1.0,True,True,True,442,444,1.0,1.0,303.51,False,False,population solved,lexicase,445,jobs/2-1-mux_fnv/02/result.json,
2:1 MUX,fnv,3,205718488,recorded,0.875,0.875,0.875,False,False,False,,600,0.65,0.65,539.52,False,False,,lexicase,601,jobs/2-1-mux_fnv/03/result.json,
2:1 MUX,fnv,4,206718491,recorded,1.0,1.0,1.0,True,True,True,216,219,1.0,1.0,114.73,False,False,population solved,lexicase,220,jobs/2-1-mux_fnv/04/result.json,
2:1 MUX,fnv,5,207718494,recorded,1.0,1.0,1.0,True,True,True,46,49,1.0,1.0,6.22,False,False,population solved,lexicase,50,jobs/2-1-mux_fnv/05/result.json,
2:1 MUX,fnv,6,208718497,recorded,1.0,1.0,1.0,True,True,True,43,45,1.0,1.0,7.57,False,False,population solved,lexicase,46,jobs/2-1-mux_fnv/06/result.json,
2:1 MUX,fnv,7,209718500,recorded,1.0,1.0,1.0,True,True,True,68,71,1.0,1.0,16.6,False,False,population solved,lexicase,72,jobs/2-1-mux_fnv/07/result.json,
2:1 MUX,fnv,8,210718503,recorded,1.0,1.0,1.0,True,True,True,291,293,1.0,1.0,206.85,False,False,population solved,lexicase,294,jobs/2-1-mux_fnv/08/result.json,
2:1 MUX,fnv,9,211718506,recorded,1.0,1.0,1.0,True,True,True,87,90,1.0,1.0,52.05,False,False,population solved,lexicase,91,jobs/2-1-mux_fnv/09/result.json,
2:1 MUX,lut,0,203340420,recorded,1.0,1.0,1.0,True,True,True,154,157,1.0,1.0,597.22,False,False,population solved,lexicase,158,jobs/2-1-mux_lut/00/result.json,
2:1 MUX,lut,1,204340423,recorded,1.0,1.0,1.0,True,True,True,45,47,1.0,1.0,42.38,False,False,population solved,lexicase,48,jobs/2-1-mux_lut/01/result.json,
2:1 MUX,lut,2,205340426,recorded,1.0,1.0,1.0,True,True,True,43,46,1.0,1.0,41.81,False,False,population solved,lexicase,47,jobs/2-1-mux_lut/02/result.json,
2:1 MUX,lut,3,206340429,recorded,1.0,1.0,0.7916666666666666,True,False,True,134,137,1.0,1.0,127.34,False,False,population solved,lexicase,138,jobs/2-1-mux_lut/03/result.json,
2:1 MUX,lut,4,207340432,recorded,1.0,1.0,1.0,True,True,True,13,16,1.0,1.0,16.92,False,False,population solved,lexicase,17,jobs/2-1-mux_lut/04/result.json,
2:1 MUX,lut,5,208340435,recorded,1.0,1.0,0.921875,True,False,True,29,32,1.0,1.0,31.13,False,False,population solved,lexicase,33,jobs/2-1-mux_lut/05/result.json,
2:1 MUX,lut,6,209340438,recorded,1.0,1.0,1.0,True,True,True,123,126,1.0,1.0,126.15,False,False,population solved,lexicase,127,jobs/2-1-mux_lut/06/result.json,
2:1 MUX,lut,7,210340441,recorded,1.0,1.0,1.0,True,True,True,36,39,1.0,1.0,34.75,False,False,population solved,lexicase,40,jobs/2-1-mux_lut/07/result.json,
2:1 MUX,lut,8,211340444,recorded,1.0,1.0,1.0,True,True,True,90,93,1.0,1.0,86.88,False,False,population solved,lexicase,94,jobs/2-1-mux_lut/08/result.json,
2:1 MUX,lut,9,212340447,recorded,1.0,1.0,1.0,True,True,True,45,48,1.0,1.0,198.89,False,False,population solved,lexicase,49,jobs/2-1-mux_lut/09/result.json,
2-bit adder (temporal),fnv,0,202986100,recorded,0.619048,0.6190476190476191,0.6190476190476191,False,False,False,,206,0.239371,0.2393708664021164,606.26,True,False,time cap 600s,lexicase,207,jobs/2-bit-adder-temporal_fnv/00/result.json,
2-bit adder (temporal),fnv,1,203986103,recorded,0.678788,0.6787878787878787,0.6787878787878787,False,False,False,,501,0.420055,0.42005491422158087,602.22,True,False,time cap 600s,lexicase,502,jobs/2-bit-adder-temporal_fnv/01/result.json,
2-bit adder (temporal),fnv,2,204986106,recorded,0.767857,0.7678571428571429,0.7678571428571429,False,False,False,,348,0.36362,0.363619962856074,601.99,True,False,time cap 600s,lexicase,349,jobs/2-bit-adder-temporal_fnv/02/result.json,
2-bit adder (temporal),fnv,3,205986109,recorded,0.752381,0.7523809523809525,0.7523809523809525,False,False,False,,232,0.455527,0.45552717151675487,604.43,True,False,time cap 600s,lexicase,233,jobs/2-bit-adder-temporal_fnv/03/result.json,
2-bit adder (temporal),fnv,4,206986112,recorded,0.764069,0.7640692640692641,0.764069264069264,False,False,False,,461,0.374497,0.37449710847280293,600.89,True,False,time cap 600s,lexicase,462,jobs/2-bit-adder-temporal_fnv/04/result.json,
2-bit adder (temporal),fnv,5,207986115,recorded,0.685714,0.6857142857142857,0.6857142857142856,False,False,False,,513,0.310314,0.3103144290123457,600.69,True,False,time cap 600s,lexicase,514,jobs/2-bit-adder-temporal_fnv/05/result.json,
2-bit adder (temporal),fnv,6,208986118,recorded,0.6,0.6000000000000001,0.6000000000000001,False,False,False,,428,0.258226,0.25822641093474424,601.63,True,False,time cap 600s,lexicase,429,jobs/2-bit-adder-temporal_fnv/06/result.json,
2-bit adder (temporal),fnv,7,209986121,recorded,0.767857,0.7678571428571429,0.7678571428571429,False,False,False,,516,0.215132,0.21513227513227515,601.53,True,False,time cap 600s,lexicase,517,jobs/2-bit-adder-temporal_fnv/07/result.json,
2-bit adder (temporal),fnv,8,210986124,recorded,0.672222,0.6722222222222223,0.6722222222222222,False,False,False,,445,0.334225,0.33422453703703703,601.27,True,False,time cap 600s,lexicase,446,jobs/2-bit-adder-temporal_fnv/08/result.json,
2-bit adder (temporal),fnv,9,211986127,recorded,0.766667,0.7666666666666668,0.7666666666666669,False,False,False,,223,0.549551,0.5495508368945871,602.1,True,False,time cap 600s,lexicase,224,jobs/2-bit-adder-temporal_fnv/09/result.json,
2-bit adder (temporal),lut,0,203206530,recorded,0.785185,0.7851851851851852,0.7074074074074074,False,False,False,,45,0.60784,0.6078403579445246,611.47,True,False,time cap 600s,lexicase,46,jobs/2-bit-adder-temporal_lut/00/result.json,
2-bit adder (temporal),lut,1,204206533,recorded,0.814815,0.814814814814815,0.814814814814815,False,False,False,,180,0.554333,0.5543329403439698,603.52,True,False,time cap 600s,lexicase,181,jobs/2-bit-adder-temporal_lut/01/result.json,
2-bit adder (temporal),lut,2,205206536,recorded,0.742857,0.7428571428571429,0.7428571428571429,False,False,False,,166,0.47023,0.4702301537197371,604.06,True,False,time cap 600s,lexicase,167,jobs/2-bit-adder-temporal_lut/02/result.json,
2-bit adder (temporal),lut,3,206206539,recorded,0.619048,0.6190476190476191,0.2852341759749167,False,False,False,,46,0.219191,0.2191910924723425,614.32,True,False,time cap 600s,lexicase,47,jobs/2-bit-adder-temporal_lut/03/result.json,
2-bit adder (temporal),lut,4,207206542,recorded,0.742857,0.7428571428571429,0.7428571428571429,False,False,False,,180,0.490908,0.49090843955427294,600.87,True,False,time cap 600s,lexicase,181,jobs/2-bit-adder-temporal_lut/04/result.json,
2-bit adder (temporal),lut,5,208206545,recorded,0.77619,0.7761904761904762,0.7761904761904762,False,False,False,,169,0.4025,0.4024995339032104,602.03,True,False,time cap 600s,lexicase,170,jobs/2-bit-adder-temporal_lut/05/result.json,
2-bit adder (temporal),lut,6,209206548,recorded,0.742857,0.7428571428571429,0.7428571428571429,False,False,False,,180,0.401038,0.4010379416108583,602.52,True,False,time cap 600s,lexicase,181,jobs/2-bit-adder-temporal_lut/06/result.json,
2-bit adder (temporal),lut,7,210206551,recorded,0.722403,0.7224025974025974,0.46404213070879735,False,False,False,,175,0.393766,0.39376627038085377,601.52,True,False,time cap 600s,lexicase,176,jobs/2-bit-adder-temporal_lut/07/result.json,
2-bit adder (temporal),lut,8,211206554,recorded,0.766667,0.7666666666666668,0.7666666666666669,False,False,False,,171,0.323369,0.3233685148442093,601.06,True,False,time cap 600s,lexicase,172,jobs/2-bit-adder-temporal_lut/08/result.json,
2-bit adder (temporal),lut,9,212206557,recorded,0.639394,0.6393939393939394,0.5444444444444444,False,False,False,,49,0.308195,0.30819454610664404,612.61,True,False,time cap 600s,lexicase,50,jobs/2-bit-adder-temporal_lut/09/result.json,
2-bit adder (temporal),nervous,0,203177458,recorded,0.77619,0.7761904761904762,0.7761904761904762,False,False,False,,215,0.48947,0.489469805354294,601.5,True,False,time cap 600s,lexicase,216,jobs/2-bit-adder-temporal_nervous/00/result.json,
2-bit adder (temporal),nervous,1,204177461,recorded,0.764069,0.7640692640692641,0.764069264069264,False,False,False,,456,0.526982,0.5269822353256923,600.63,True,False,time cap 600s,lexicase,457,jobs/2-bit-adder-temporal_nervous/01/result.json,
2-bit adder (temporal),nervous,2,205177464,recorded,0.752381,0.7523809523809525,0.7523809523809525,False,False,False,,442,0.387838,0.3878378861364972,601.46,True,False,time cap 600s,lexicase,443,jobs/2-bit-adder-temporal_nervous/02/result.json,
2-bit adder (temporal),nervous,3,206177467,recorded,0.77619,0.7761904761904762,0.7761904761904762,False,False,False,,213,0.483414,0.4834143496760842,601.6,True,False,time cap 600s,lexicase,214,jobs/2-bit-adder-temporal_nervous/03/result.json,
2-bit adder (temporal),nervous,4,207177470,recorded,0.772487,0.7724867724867726,0.7724867724867726,False,False,False,,369,0.366431,0.36643079205096085,601.8,True,False,time cap 600s,lexicase,370,jobs/2-bit-adder-temporal_nervous/04/result.json,
2-bit adder (temporal),nervous,5,208177473,recorded,0.742857,0.7428571428571429,0.7428571428571429,False,False,False,,440,0.378871,0.3788708491991516,602.14,True,False,time cap 600s,lexicase,441,jobs/2-bit-adder-temporal_nervous/05/result.json,
2-bit adder (temporal),nervous,6,209177476,recorded,0.77619,0.7761904761904762,0.7761904761904762,False,False,False,,426,0.328774,0.3287740847115847,601.58,True,False,time cap 600s,lexicase,427,jobs/2-bit-adder-temporal_nervous/06/result.json,
2-bit adder (temporal),nervous,7,210177479,recorded,0.742857,0.7428571428571429,0.7428571428571429,False,False,False,,478,0.447974,0.4479741242517401,600.95,True,False,time cap 600s,lexicase,479,jobs/2-bit-adder-temporal_nervous/07/result.json,
2-bit adder (temporal),nervous,8,211177482,recorded,0.790476,0.7904761904761906,0.7708333333333334,False,False,False,,498,0.664236,0.6642364515250545,601.44,True,False,time cap 600s,lexicase,499,jobs/2-bit-adder-temporal_nervous/08/result.json,
2-bit adder (temporal),nervous,9,212177485,recorded,0.734524,0.7345238095238096,0.7345238095238096,False,False,False,,213,0.399283,0.3992826790351082,601.08,True,False,time cap 600s,lexicase,214,jobs/2-bit-adder-temporal_nervous/09/result.json,
2-bit adder,fnv,0,202941319,recorded,0.825,0.825,0.8249999999999998,False,False,False,,304,0.605787,0.6057870370370371,607.24,True,False,time cap 600s,lexicase,305,jobs/2-bit-adder_fnv/00/result.json,
2-bit adder,fnv,1,203941322,recorded,0.811111,0.8111111111111111,0.8111111111111112,False,False,False,,525,0.620972,0.6209722222222223,601.91,True,False,time cap 600s,lexicase,526,jobs/2-bit-adder_fnv/01/result.json,
2-bit adder,fnv,2,204941325,recorded,0.713889,0.7138888888888888,0.7138888888888889,False,False,False,,435,0.608843,0.6088425925925925,600.54,True,False,time cap 600s,lexicase,436,jobs/2-bit-adder_fnv/02/result.json,
2-bit adder,fnv,3,205941328,recorded,0.844444,0.8444444444444443,0.8444444444444444,False,False,False,,262,0.617639,0.6176388888888888,600.98,True,False,time cap 600s,lexicase,263,jobs/2-bit-adder_fnv/03/result.json,
2-bit adder,fnv,4,206941331,recorded,0.794444,0.7944444444444445,0.7944444444444446,False,False,False,,515,0.606088,0.606087962962963,601.57,True,False,time cap 600s,lexicase,516,jobs/2-bit-adder_fnv/04/result.json,
2-bit adder,fnv,5,207941334,recorded,0.805556,0.8055555555555556,0.8055555555555557,False,False,False,,425,0.674005,0.6740046296296297,601.25,True,False,time cap 600s,lexicase,426,jobs/2-bit-adder_fnv/05/result.json,
2-bit adder,fnv,6,208941337,recorded,0.888889,0.8888888888888888,0.8888888888888888,False,False,False,,586,0.704722,0.7047222222222221,600.66,True,False,time cap 600s,lexicase,587,jobs/2-bit-adder_fnv/06/result.json,
2-bit adder,fnv,7,209941340,recorded,0.861111,0.8611111111111112,0.8611111111111112,False,False,False,,518,0.63647,0.6364699074074075,601.1,True,False,time cap 600s,lexicase,519,jobs/2-bit-adder_fnv/07/result.json,
2-bit adder,fnv,8,210941343,recorded,0.805556,0.8055555555555556,0.8055555555555557,False,False,False,,425,0.622662,0.622662037037037,601.71,True,False,time cap 600s,lexicase,426,jobs/2-bit-adder_fnv/08/result.json,
2-bit adder,fnv,9,211941346,recorded,0.811111,0.8111111111111111,0.8111111111111112,False,False,False,,558,0.636458,0.6364583333333333,601.63,True,False,time cap 600s,lexicase,559,jobs/2-bit-adder_fnv/09/result.json,
2-bit adder,lut,0,202854727,recorded,0.805556,0.8055555555555556,0.8055555555555557,False,False,False,,108,0.64537,0.6453703703703704,603.54,True,False,time cap 600s,lexicase,109,jobs/2-bit-adder_lut/00/result.json,
2-bit adder,lut,1,203854730,recorded,0.816667,0.8166666666666667,0.8166666666666668,False,False,False,,221,0.573333,0.5733333333333334,603.09,True,False,time cap 600s,lexicase,222,jobs/2-bit-adder_lut/01/result.json,
2-bit adder,lut,2,204854733,recorded,0.823611,0.8236111111111111,0.8236111111111111,False,False,False,,206,0.624421,0.6244212962962963,602.78,True,False,time cap 600s,lexicase,207,jobs/2-bit-adder_lut/02/result.json,
2-bit adder,lut,3,205854736,recorded,0.8,0.8,0.8000000000000002,False,False,False,,54,0.629352,0.6293518518518518,606.63,True,False,time cap 600s,lexicase,55,jobs/2-bit-adder_lut/03/result.json,
2-bit adder,lut,4,206854739,recorded,0.794444,0.7944444444444445,0.7494444444444444,False,False,False,,220,0.618657,0.6186574074074075,601.52,True,False,time cap 600s,lexicase,221,jobs/2-bit-adder_lut/04/result.json,
2-bit adder,lut,5,207854742,recorded,0.663194,0.6631944444444444,0.6631944444444445,False,False,False,,217,0.592613,0.5926134259259259,602.44,True,False,time cap 600s,lexicase,218,jobs/2-bit-adder_lut/05/result.json,
2-bit adder,lut,6,208854745,recorded,0.868056,0.8680555555555555,0.8680555555555555,False,False,False,,220,0.686817,0.6868171296296296,602.73,True,False,time cap 600s,lexicase,221,jobs/2-bit-adder_lut/06/result.json,
2-bit adder,lut,7,209854748,recorded,0.686111,0.6861111111111111,0.6861111111111112,False,False,False,,230,0.566537,0.5665370370370371,603.11,True,False,time cap 600s,lexicase,231,jobs/2-bit-adder_lut/07/result.json,
2-bit adder,lut,8,210854751,recorded,0.794444,0.7944444444444445,0.6277777777777778,False,False,False,,224,0.576528,0.5765277777777779,603.27,True,False,time cap 600s,lexicase,225,jobs/2-bit-adder_lut/08/result.json,
2-bit adder,lut,9,211854754,recorded,0.794444,0.7944444444444445,0.7944444444444446,False,False,False,,132,0.611644,0.6116435185185185,611.56,True,False,time cap 600s,lexicase,133,jobs/2-bit-adder_lut/09/result.json,
2-bit comparator (temporal),fnv,0,203421829,recorded,0.494507,0.4945073740997374,0.45906738751381,False,False,False,,222,0.263196,0.2631956021672654,602.22,True,False,time cap 600s,lexicase,223,jobs/2-bit-comparator-temporal_fnv/00/result.json,
2-bit comparator (temporal),fnv,1,204421832,recorded,0.528571,0.5285714285714286,0.5285714285714286,False,False,False,,466,0.323236,0.3232363315696649,601.26,True,False,time cap 600s,lexicase,467,jobs/2-bit-comparator-temporal_fnv/01/result.json,
2-bit comparator (temporal),fnv,2,205421835,recorded,0.585714,0.5857142857142856,0.5857142857142856,False,False,False,,518,0.23726,0.23726034382284386,600.86,True,False,time cap 600s,lexicase,519,jobs/2-bit-comparator-temporal_fnv/02/result.json,
2-bit comparator (temporal),fnv,3,206421838,recorded,0.528571,0.5285714285714286,0.5285714285714286,False,False,False,,236,0.314916,0.3149164261664262,601.34,True,False,time cap 600s,lexicase,237,jobs/2-bit-comparator-temporal_fnv/03/result.json,
2-bit comparator (temporal),fnv,4,207421841,recorded,0.515873,0.5158730158730159,0.4541446208112874,False,False,False,,431,0.23263,0.23262997033830368,600.98,True,False,time cap 600s,lexicase,432,jobs/2-bit-comparator-temporal_fnv/04/result.json,
2-bit comparator (temporal),fnv,5,208421844,recorded,0.571429,0.5714285714285714,0.5714285714285714,False,False,False,,382,0.270884,0.27088395143950705,600.66,True,False,time cap 600s,lexicase,383,jobs/2-bit-comparator-temporal_fnv/05/result.json,
2-bit comparator (temporal),fnv,6,209421847,recorded,0.571429,0.5714285714285714,0.5714285714285714,False,False,False,,458,0.30113,0.3011297944552804,600.63,True,False,time cap 600s,lexicase,459,jobs/2-bit-comparator-temporal_fnv/06/result.json,
2-bit comparator (temporal),fnv,7,210421850,recorded,0.547619,0.5476190476190477,0.5476190476190477,False,False,False,,497,0.232126,0.23212632275132275,601.3,True,False,time cap 600s,lexicase,498,jobs/2-bit-comparator-temporal_fnv/07/result.json,
2-bit comparator (temporal),fnv,8,211421853,recorded,0.530159,0.5301587301587302,0.46843033509700177,False,False,False,,559,0.330857,0.33085717601418085,601.05,True,False,time cap 600s,lexicase,560,jobs/2-bit-comparator-temporal_fnv/08/result.json,
2-bit comparator (temporal),fnv,9,212421856,recorded,0.530159,0.5301587301587302,0.46843033509700177,False,False,False,,224,0.262146,0.26214579659024106,605.95,True,False,time cap 600s,lexicase,225,jobs/2-bit-comparator-temporal_fnv/09/result.json,
2-bit comparator (temporal),lut,0,202730218,recorded,0.504762,0.5047619047619049,0.5047619047619049,False,False,False,,35,0.256719,0.2567189671182727,612.86,True,False,time cap 600s,lexicase,36,jobs/2-bit-comparator-temporal_lut/00/result.json,
2-bit comparator (temporal),lut,1,203730221,recorded,0.585714,0.5857142857142856,0.5857142857142856,False,False,False,,151,0.343328,0.3433277467131634,603.64,True,False,time cap 600s,lexicase,152,jobs/2-bit-comparator-temporal_lut/01/result.json,
2-bit comparator (temporal),lut,2,204730224,recorded,0.593795,0.5937950937950938,0.5937950937950938,False,False,False,,136,0.363157,0.3631565656565657,601.44,True,False,time cap 600s,lexicase,137,jobs/2-bit-comparator-temporal_lut/02/result.json,
2-bit comparator (temporal),lut,3,205730227,recorded,0.54329,0.5432900432900434,0.5432900432900434,False,False,False,,92,0.309698,0.3096976090654315,603.99,True,False,time cap 600s,lexicase,93,jobs/2-bit-comparator-temporal_lut/03/result.json,
2-bit comparator (temporal),lut,4,206730230,recorded,0.585714,0.5857142857142856,0.3357142857142857,False,False,False,,145,0.348546,0.3485460758377425,603.28,True,False,time cap 600s,lexicase,146,jobs/2-bit-comparator-temporal_lut/04/result.json,
2-bit comparator (temporal),lut,5,207730233,recorded,0.688492,0.6884920634920635,0.5391414141414141,False,False,False,,147,0.313688,0.31368800340001324,603.03,True,False,time cap 600s,lexicase,148,jobs/2-bit-comparator-temporal_lut/05/result.json,
2-bit comparator (temporal),lut,6,208730236,recorded,0.571429,0.5714285714285714,0.5714285714285714,False,False,False,,138,0.324911,0.32491055781991457,604.88,True,False,time cap 600s,lexicase,139,jobs/2-bit-comparator-temporal_lut/06/result.json,
2-bit comparator (temporal),lut,7,209730239,recorded,0.571429,0.5714285714285714,0.5714285714285714,False,False,False,,150,0.312257,0.3122570363021752,602.54,True,False,time cap 600s,lexicase,151,jobs/2-bit-comparator-temporal_lut/07/result.json,
2-bit comparator (temporal),lut,8,210730242,recorded,0.625397,0.6253968253968255,0.6253968253968255,False,False,False,,141,0.322827,0.3228271471327027,603.23,True,False,time cap 600s,lexicase,142,jobs/2-bit-comparator-temporal_lut/08/result.json,
2-bit comparator (temporal),lut,9,211730245,recorded,0.547619,0.5476190476190477,0.4365079365079365,False,False,False,,40,0.277555,0.27755511463844795,610.14,True,False,time cap 600s,lexicase,41,jobs/2-bit-comparator-temporal_lut/09/result.json,
2-bit comparator (temporal),nervous,0,203479374,recorded,0.561905,0.5619047619047619,0.5619047619047619,False,False,False,,168,0.423702,0.42370178854887103,601.45,True,False,time cap 600s,lexicase,169,jobs/2-bit-comparator-temporal_nervous/00/result.json,
2-bit comparator (temporal),nervous,1,204479377,recorded,0.572421,0.5724206349206349,0.563678605345272,False,False,False,,438,0.450309,0.45030875760042427,601.6,True,False,time cap 600s,lexicase,439,jobs/2-bit-comparator-temporal_nervous/01/result.json,
2-bit comparator (temporal),nervous,2,205479380,recorded,0.585714,0.5857142857142856,0.5857142857142856,False,False,False,,516,0.388693,0.3886933070787238,600.53,True,False,time cap 600s,lexicase,517,jobs/2-bit-comparator-temporal_nervous/02/result.json,
2-bit comparator (temporal),nervous,3,206479383,recorded,0.571429,0.5714285714285714,0.5714285714285714,False,False,False,,144,0.327283,0.32728338276949387,601.92,True,False,time cap 600s,lexicase,145,jobs/2-bit-comparator-temporal_nervous/03/result.json,
2-bit comparator (temporal),nervous,4,207479386,recorded,0.577381,0.5773809523809523,0.5773809523809523,False,False,False,,478,0.348367,0.3483666403570407,601.59,True,False,time cap 600s,lexicase,479,jobs/2-bit-comparator-temporal_nervous/04/result.json,
2-bit comparator (temporal),nervous,5,208479389,recorded,0.571429,0.5714285714285714,0.5714285714285714,False,False,False,,431,0.360428,0.3604280634488968,601.09,True,False,time cap 600s,lexicase,432,jobs/2-bit-comparator-temporal_nervous/05/result.json,
2-bit comparator (temporal),nervous,6,209479392,recorded,0.571429,0.5714285714285714,0.5714285714285714,False,False,False,,477,0.352165,0.35216510341510343,602.38,True,False,time cap 600s,lexicase,478,jobs/2-bit-comparator-temporal_nervous/06/result.json,
2-bit comparator (temporal),nervous,7,210479395,recorded,0.525,0.525,0.525,False,False,False,,323,0.329598,0.3295983536782148,600.93,True,False,time cap 600s,lexicase,324,jobs/2-bit-comparator-temporal_nervous/07/result.json,
2-bit comparator (temporal),nervous,8,211479398,recorded,0.571429,0.5714285714285714,0.5714285714285714,False,False,False,,527,0.331562,0.3315623246352413,600.55,True,False,time cap 600s,lexicase,528,jobs/2-bit-comparator-temporal_nervous/08/result.json,
2-bit comparator (temporal),nervous,9,212479401,recorded,0.571429,0.5714285714285714,0.5714285714285714,False,False,False,,230,0.337696,0.3376960076960077,602.22,True,False,time cap 600s,lexicase,231,jobs/2-bit-comparator-temporal_nervous/09/result.json,
2-bit comparator,fnv,0,203268947,recorded,0.666667,0.6666666666666667,0.6666666666666666,False,False,False,,256,0.528542,0.5285416666666667,605.24,True,False,time cap 600s,lexicase,257,jobs/2-bit-comparator_fnv/00/result.json,
2-bit comparator,fnv,1,204268950,recorded,0.725,0.7250000000000001,0.7250000000000001,False,False,False,,511,0.565602,0.5656018518518519,601.48,True,False,time cap 600s,lexicase,512,jobs/2-bit-comparator_fnv/01/result.json,
2-bit comparator,fnv,2,205268953,recorded,0.766667,0.7666666666666666,0.7666666666666666,False,False,False,,534,0.576042,0.5760416666666667,600.4,True,False,time cap 600s,lexicase,535,jobs/2-bit-comparator_fnv/02/result.json,
2-bit comparator,fnv,3,206268956,recorded,0.605556,0.6055555555555556,0.6055555555555556,False,False,False,,223,0.555463,0.5554629629629629,600.96,True,False,time cap 600s,lexicase,224,jobs/2-bit-comparator_fnv/03/result.json,
2-bit comparator,fnv,4,207268959,recorded,0.733333,0.7333333333333334,0.7333333333333334,False,False,False,,500,0.582593,0.5825925925925926,600.73,True,False,time cap 600s,lexicase,501,jobs/2-bit-comparator_fnv/04/result.json,
2-bit comparator,fnv,5,208268962,recorded,0.711111,0.7111111111111111,0.7111111111111111,False,False,False,,524,0.585278,0.5852777777777778,601.1,True,False,time cap 600s,lexicase,525,jobs/2-bit-comparator_fnv/05/result.json,
2-bit comparator,fnv,6,209268965,recorded,0.722222,0.7222222222222222,0.7222222222222222,False,False,False,,431,0.556111,0.5561111111111111,601.06,True,False,time cap 600s,lexicase,432,jobs/2-bit-comparator_fnv/06/result.json,
2-bit comparator,fnv,7,210268968,recorded,0.722222,0.7222222222222223,0.7222222222222223,False,False,False,,553,0.559074,0.5590740740740741,601.64,True,False,time cap 600s,lexicase,554,jobs/2-bit-comparator_fnv/07/result.json,
2-bit comparator,fnv,8,211268971,recorded,0.716667,0.7166666666666667,0.7166666666666667,False,False,False,,593,0.565648,0.5656481481481481,600.57,True,False,time cap 600s,lexicase,594,jobs/2-bit-comparator_fnv/08/result.json,
2-bit comparator,fnv,9,212268974,recorded,0.694444,0.6944444444444445,0.6944444444444445,False,False,False,,285,0.55,0.55,600.77,True,False,time cap 600s,lexicase,286,jobs/2-bit-comparator_fnv/09/result.json,
2-bit comparator,lut,0,203259349,recorded,0.622222,0.6222222222222222,0.6222222222222222,False,False,False,,41,0.489722,0.4897222222222222,611.83,True,False,time cap 600s,lexicase,42,jobs/2-bit-comparator_lut/00/result.json,
2-bit comparator,lut,1,204259352,recorded,0.802778,0.8027777777777778,0.8027777777777777,False,False,False,,195,0.591937,0.5919367283950617,603.94,True,False,time cap 600s,lexicase,196,jobs/2-bit-comparator_lut/01/result.json,
2-bit comparator,lut,2,205259355,recorded,0.777778,0.7777777777777777,0.6999999999999998,False,False,False,,201,0.558796,0.5587962962962963,602.25,True,False,time cap 600s,lexicase,202,jobs/2-bit-comparator_lut/02/result.json,
2-bit comparator,lut,3,206259358,recorded,0.588889,0.5888888888888888,0.5888888888888888,False,False,False,,41,0.449537,0.449537037037037,606.73,True,False,time cap 600s,lexicase,42,jobs/2-bit-comparator_lut/03/result.json,
2-bit comparator,lut,4,207259361,recorded,0.755556,0.7555555555555555,0.5944444444444444,False,False,False,,190,0.578302,0.5783024691358025,603.81,True,False,time cap 600s,lexicase,191,jobs/2-bit-comparator_lut/04/result.json,
2-bit comparator,lut,5,208259364,recorded,0.688889,0.6888888888888889,0.6888888888888888,False,False,False,,193,0.525066,0.5250655864197531,603.48,True,False,time cap 600s,lexicase,194,jobs/2-bit-comparator_lut/05/result.json,
2-bit comparator,lut,6,209259367,recorded,0.7,0.7000000000000001,0.7000000000000001,False,False,False,,202,0.502654,0.5026543209876543,602.65,True,False,time cap 600s,lexicase,203,jobs/2-bit-comparator_lut/06/result.json,
2-bit comparator,lut,7,210259370,recorded,0.7,0.7000000000000001,0.661111111111111,False,False,False,,187,0.492685,0.49268518518518517,602.93,True,False,time cap 600s,lexicase,188,jobs/2-bit-comparator_lut/07/result.json,
2-bit comparator,lut,8,211259373,recorded,0.733333,0.7333333333333333,0.7333333333333333,False,False,False,,192,0.529367,0.5293672839506173,601.75,True,False,time cap 600s,lexicase,193,jobs/2-bit-comparator_lut/08/result.json,
2-bit comparator,lut,9,212259376,recorded,0.661111,0.661111111111111,0.661111111111111,False,False,False,,52,0.505231,0.5052314814814814,610.86,True,False,time cap 600s,lexicase,53,jobs/2-bit-comparator_lut/09/result.json,
2-to-4 decoder (temporal),fnv,0,202989433,recorded,0.708333,0.7083333333333333,0.7083333333333334,False,False,False,,323,0.263056,0.26305555555555554,600.56,True,False,time cap 600s,lexicase,324,jobs/2-to-4-decoder-temporal_fnv/00/result.json,
2-to-4 decoder (temporal),fnv,1,203989436,recorded,0.477083,0.4770833333333334,0.4208333333333334,False,False,False,,479,0.216192,0.21619212962962964,601.95,True,False,time cap 600s,lexicase,480,jobs/2-to-4-decoder-temporal_fnv/01/result.json,
2-to-4 decoder (temporal),fnv,2,204989439,recorded,0.666667,0.6666666666666666,0.6666666666666666,False,False,False,,414,0.286528,0.28652777777777777,601.87,True,False,time cap 600s,lexicase,415,jobs/2-to-4-decoder-temporal_fnv/02/result.json,
2-to-4 decoder (temporal),fnv,3,205989442,recorded,0.508333,0.5083333333333334,0.5083333333333334,False,False,False,,480,0.236713,0.23671296296296299,601.74,True,False,time cap 600s,lexicase,481,jobs/2-to-4-decoder-temporal_fnv/03/result.json,
2-to-4 decoder (temporal),fnv,4,206989445,recorded,0.71875,0.71875,0.5902777777777778,False,False,False,,440,0.283206,0.28320601851851845,602.0,True,False,time cap 600s,lexicase,441,jobs/2-to-4-decoder-temporal_fnv/04/result.json,
2-to-4 decoder (temporal),fnv,5,207989448,recorded,0.697917,0.6979166666666666,0.4375,False,False,False,,507,0.261586,0.2615856481481481,601.43,True,False,time cap 600s,lexicase,508,jobs/2-to-4-decoder-temporal_fnv/05/result.json,
2-to-4 decoder (temporal),fnv,6,208989451,recorded,0.552083,0.5520833333333333,0.4791666666666666,False,False,False,,494,0.157245,0.15724537037037037,601.77,True,False,time cap 600s,lexicase,495,jobs/2-to-4-decoder-temporal_fnv/06/result.json,
2-to-4 decoder (temporal),fnv,7,209989454,recorded,0.510417,0.5104166666666667,0.4541666666666668,False,False,False,,539,0.209884,0.20988425925925924,600.69,True,False,time cap 600s,lexicase,540,jobs/2-to-4-decoder-temporal_fnv/07/result.json,
2-to-4 decoder (temporal),fnv,8,210989457,recorded,0.541667,0.5416666666666667,0.5416666666666667,False,False,False,,393,0.266215,0.26621527777777776,601.71,True,False,time cap 600s,lexicase,394,jobs/2-to-4-decoder-temporal_fnv/08/result.json,
2-to-4 decoder (temporal),fnv,9,211989460,recorded,0.438889,0.43888888888888894,0.36111111111111116,False,False,False,,222,0.196088,0.19608796296296296,602.62,True,False,time cap 600s,lexicase,223,jobs/2-to-4-decoder-temporal_fnv/09/result.json,
2-to-4 decoder (temporal),lut,0,203015599,recorded,0.666667,0.6666666666666666,0.6666666666666666,False,False,False,,206,0.20955,0.20955026455026454,601.44,True,False,time cap 600s,lexicase,207,jobs/2-to-4-decoder-temporal_lut/00/result.json,
2-to-4 decoder (temporal),lut,1,204015602,recorded,0.666667,0.6666666666666666,0.28228869397347656,False,False,False,,221,0.355317,0.3553174603174603,601.88,True,False,time cap 600s,lexicase,222,jobs/2-to-4-decoder-temporal_lut/01/result.json,
2-to-4 decoder (temporal),lut,2,205015605,recorded,0.75,0.75,0.75,False,False,False,,290,0.338611,0.3386111111111111,601.24,True,False,time cap 600s,lexicase,291,jobs/2-to-4-decoder-temporal_lut/02/result.json,
2-to-4 decoder (temporal),lut,3,206015608,recorded,0.55,0.55,0.3416666666666666,False,False,False,,255,0.213574,0.2135744598765432,601.19,True,False,time cap 600s,lexicase,256,jobs/2-to-4-decoder-temporal_lut/03/result.json,
2-to-4 decoder (temporal),lut,4,207015611,recorded,0.75,0.75,0.5833333333333334,False,False,False,,264,0.403819,0.40381944444444445,602.54,True,False,time cap 600s,lexicase,265,jobs/2-to-4-decoder-temporal_lut/04/result.json,
2-to-4 decoder (temporal),lut,5,208015614,recorded,0.75,0.75,0.75,False,False,False,,269,0.379618,0.37961805555555556,601.43,True,False,time cap 600s,lexicase,270,jobs/2-to-4-decoder-temporal_lut/05/result.json,
2-to-4 decoder (temporal),lut,6,209015617,recorded,0.708333,0.7083333333333333,0.6666666666666666,False,False,False,,236,0.302145,0.30214529379003063,601.78,True,False,time cap 600s,lexicase,237,jobs/2-to-4-decoder-temporal_lut/06/result.json,
2-to-4 decoder (temporal),lut,7,210015620,recorded,0.708333,0.7083333333333333,0.37650208986415884,False,False,False,,285,0.290775,0.29077546296296297,600.95,True,False,time cap 600s,lexicase,286,jobs/2-to-4-decoder-temporal_lut/07/result.json,
2-to-4 decoder (temporal),lut,8,211015623,recorded,0.541667,0.5416666666666667,0.5083333333333334,False,False,False,,269,0.219891,0.219890873015873,601.08,True,False,time cap 600s,lexicase,270,jobs/2-to-4-decoder-temporal_lut/08/result.json,
2-to-4 decoder (temporal),lut,9,212015626,recorded,0.541667,0.5416666666666667,0.5416666666666667,False,False,False,,90,0.215685,0.21568452380952383,603.45,True,False,time cap 600s,lexicase,91,jobs/2-to-4-decoder-temporal_lut/09/result.json,
2-to-4 decoder (temporal),nervous,0,202953581,recorded,0.5,0.5,0.5,False,False,False,,274,0.24255,0.24254960317460317,600.68,True,False,time cap 600s,lexicase,275,jobs/2-to-4-decoder-temporal_nervous/00/result.json,
2-to-4 decoder (temporal),nervous,1,203953584,recorded,0.666667,0.6666666666666666,0.6666666666666666,False,False,False,,304,0.363408,0.3634076244402331,601.6,True,False,time cap 600s,lexicase,305,jobs/2-to-4-decoder-temporal_nervous/01/result.json,
2-to-4 decoder (temporal),nervous,2,204953587,recorded,0.708333,0.7083333333333333,0.7083333333333334,False,False,False,,323,0.264559,0.2645586540214808,602.08,True,False,time cap 600s,lexicase,324,jobs/2-to-4-decoder-temporal_nervous/02/result.json,
2-to-4 decoder (temporal),nervous,3,205953590,recorded,0.508333,0.5083333333333334,0.5083333333333334,False,False,False,,374,0.221493,0.22149305555555557,600.38,True,False,time cap 600s,lexicase,375,jobs/2-to-4-decoder-temporal_nervous/03/result.json,
2-to-4 decoder (temporal),nervous,4,206953593,recorded,0.666667,0.6666666666666666,0.6666666666666666,False,False,False,,369,0.296856,0.29685633810633816,601.61,True,False,time cap 600s,lexicase,370,jobs/2-to-4-decoder-temporal_nervous/04/result.json,
2-to-4 decoder (temporal),nervous,5,207953596,recorded,0.666667,0.6666666666666666,0.6666666666666666,False,False,False,,356,0.306178,0.3061784411576078,601.11,True,False,time cap 600s,lexicase,357,jobs/2-to-4-decoder-temporal_nervous/05/result.json,
2-to-4 decoder (temporal),nervous,6,208953599,recorded,0.708333,0.7083333333333333,0.7083333333333334,False,False,False,,373,0.381829,0.3818287037037037,601.81,True,False,time cap 600s,lexicase,374,jobs/2-to-4-decoder-temporal_nervous/06/result.json,
2-to-4 decoder (temporal),nervous,7,209953602,recorded,0.5625,0.5625,0.4583333333333333,False,False,False,,390,0.235002,0.23500165343915344,600.77,True,False,time cap 600s,lexicase,391,jobs/2-to-4-decoder-temporal_nervous/07/result.json,
2-to-4 decoder (temporal),nervous,8,210953605,recorded,0.541667,0.5416666666666667,0.5416666666666667,False,False,False,,404,0.280046,0.2800462962962963,601.36,True,False,time cap 600s,lexicase,405,jobs/2-to-4-decoder-temporal_nervous/08/result.json,
2-to-4 decoder (temporal),nervous,9,211953608,recorded,0.503472,0.5034722222222223,0.4750000000000001,False,False,False,,147,0.293052,0.29305237586487587,603.38,True,False,time cap 600s,lexicase,148,jobs/2-to-4-decoder-temporal_nervous/09/result.json,
2-to-4 decoder,fnv,0,203375933,recorded,0.666667,0.6666666666666666,0.6666666666666666,False,False,False,,365,0.561806,0.5618055555555556,600.62,True,False,time cap 600s,lexicase,366,jobs/2-to-4-decoder_fnv/00/result.json,
2-to-4 decoder,fnv,1,204375936,recorded,0.6875,0.6875,0.6875,False,False,False,,449,0.579861,0.579861111111111,600.41,True,False,time cap 600s,lexicase,450,jobs/2-to-4-decoder_fnv/01/result.json,
2-to-4 decoder,fnv,2,205375939,recorded,0.666667,0.6666666666666666,0.6666666666666666,False,False,False,,506,0.575694,0.5756944444444444,601.04,True,False,time cap 600s,lexicase,507,jobs/2-to-4-decoder_fnv/02/result.json,
2-to-4 decoder,fnv,3,206375942,recorded,0.645833,0.6458333333333333,0.6458333333333333,False,False,False,,482,0.559375,0.559375,600.48,True,False,time cap 600s,lexicase,483,jobs/2-to-4-decoder_fnv/03/result.json,
2-to-4 decoder,fnv,4,207375945,recorded,0.666667,0.6666666666666666,0.6666666666666666,False,False,False,,447,0.575694,0.5756944444444444,600.61,True,False,time cap 600s,lexicase,448,jobs/2-to-4-decoder_fnv/04/result.json,
2-to-4 decoder,fnv,5,208375948,recorded,0.666667,0.6666666666666666,0.6666666666666666,False,False,False,,476,0.558333,0.5583333333333333,600.96,True,False,time cap 600s,lexicase,477,jobs/2-to-4-decoder_fnv/05/result.json,
2-to-4 decoder,fnv,6,209375951,recorded,0.645833,0.6458333333333333,0.6458333333333333,False,False,False,,435,0.555556,0.5555555555555556,600.43,True,False,time cap 600s,lexicase,436,jobs/2-to-4-decoder_fnv/06/result.json,
2-to-4 decoder,fnv,7,210375954,recorded,0.666667,0.6666666666666666,0.6666666666666666,False,False,False,,408,0.585417,0.5854166666666667,600.64,True,False,time cap 600s,lexicase,409,jobs/2-to-4-decoder_fnv/07/result.json,
2-to-4 decoder,fnv,8,211375957,recorded,0.6875,0.6875,0.6875,False,False,False,,382,0.595833,0.5958333333333333,600.65,True,False,time cap 600s,lexicase,383,jobs/2-to-4-decoder_fnv/08/result.json,
2-to-4 decoder,fnv,9,212375960,recorded,0.645833,0.6458333333333333,0.6458333333333333,False,False,False,,219,0.549653,0.5496527777777778,604.52,True,False,time cap 600s,lexicase,220,jobs/2-to-4-decoder_fnv/09/result.json,
2-to-4 decoder,lut,0,203531647,recorded,0.854167,0.8541666666666666,0.8541666666666666,False,False,False,,253,0.586111,0.586111111111111,603.62,True,False,time cap 600s,lexicase,254,jobs/2-to-4-decoder_lut/00/result.json,
2-to-4 decoder,lut,1,204531650,recorded,0.854167,0.8541666666666666,0.6458333333333333,False,False,False,,322,0.522708,0.5227083333333333,601.23,True,False,time cap 600s,lexicase,323,jobs/2-to-4-decoder_lut/01/result.json,
2-to-4 decoder,lut,2,205531653,recorded,0.666667,0.6666666666666666,0.6458333333333333,False,False,False,,308,0.515,0.515,601.95,True,False,time cap 600s,lexicase,309,jobs/2-to-4-decoder_lut/02/result.json,
2-to-4 decoder,lut,3,206531656,recorded,0.854167,0.8541666666666666,0.8541666666666666,False,False,False,,289,0.508247,0.5082465277777778,601.56,True,False,time cap 600s,lexicase,290,jobs/2-to-4-decoder_lut/03/result.json,
2-to-4 decoder,lut,4,207531659,recorded,0.666667,0.6666666666666666,0.6125,False,False,False,,264,0.484184,0.48418402777777775,602.14,True,False,time cap 600s,lexicase,265,jobs/2-to-4-decoder_lut/04/result.json,
2-to-4 decoder,lut,5,208531662,recorded,0.875,0.875,0.8559027777777777,False,False,False,,291,0.575764,0.5757638888888889,601.92,True,False,time cap 600s,lexicase,292,jobs/2-to-4-decoder_lut/05/result.json,
2-to-4 decoder,lut,6,209531665,recorded,0.875,0.875,0.7916666666666666,False,False,False,,338,0.565069,0.5650694444444445,601.33,True,False,time cap 600s,lexicase,339,jobs/2-to-4-decoder_lut/06/result.json,
2-to-4 decoder,lut,7,210531668,recorded,0.854167,0.8541666666666666,0.8541666666666666,False,False,False,,282,0.537153,0.5371527777777777,608.07,True,False,time cap 600s,lexicase,283,jobs/2-to-4-decoder_lut/07/result.json,
2-to-4 decoder,lut,8,211531671,recorded,0.880208,0.8802083333333333,0.8958333333333334,False,False,False,,310,0.608837,0.6088368055555555,601.04,True,False,time cap 600s,lexicase,311,jobs/2-to-4-decoder_lut/08/result.json,
2-to-4 decoder,lut,9,212531674,recorded,0.666667,0.6666666666666666,0.6666666666666666,False,False,False,,112,0.556458,0.5564583333333333,606.04,True,False,time cap 600s,lexicase,113,jobs/2-to-4-decoder_lut/09/result.json,
2x2 multiplier (temporal),fnv,0,203113505,recorded,0.553571,0.5535714285714286,0.5535714285714286,False,False,False,,188,0.359087,0.3590872514830848,604.35,True,False,time cap 600s,lexicase,189,jobs/2x2-multiplier-temporal_fnv/00/result.json,
2x2 multiplier (temporal),fnv,1,204113508,recorded,0.474432,0.47443181818181823,0.4744318181818182,False,False,False,,270,0.209213,0.2092132635882636,601.46,True,False,time cap 600s,lexicase,271,jobs/2x2-multiplier-temporal_fnv/01/result.json,
2x2 multiplier (temporal),fnv,2,205113511,recorded,0.595238,0.5952380952380953,0.5952380952380953,False,False,False,,439,0.21637,0.2163696594686178,601.21,True,False,time cap 600s,lexicase,440,jobs/2x2-multiplier-temporal_fnv/02/result.json,
2x2 multiplier (temporal),fnv,3,206113514,recorded,0.51461,0.5146103896103896,0.5146103896103896,False,False,False,,343,0.213957,0.21395743145743146,604.97,True,False,time cap 600s,lexicase,344,jobs/2x2-multiplier-temporal_fnv/03/result.json,
2x2 multiplier (temporal),fnv,4,207113517,recorded,0.530779,0.5307787698412699,0.5290068342151676,False,False,False,,485,0.266675,0.26667543184095366,600.5,True,False,time cap 600s,lexicase,486,jobs/2x2-multiplier-temporal_fnv/04/result.json,
2x2 multiplier (temporal),fnv,5,208113520,recorded,0.449405,0.4494047619047619,0.4077380952380952,False,False,False,,458,0.184972,0.1849717537477954,600.66,True,False,time cap 600s,lexicase,459,jobs/2x2-multiplier-temporal_fnv/05/result.json,
2x2 multiplier (temporal),fnv,6,209113523,recorded,0.531002,0.5310019841269841,0.4557705026455026,False,False,False,,419,0.24331,0.24331033549783548,601.66,True,False,time cap 600s,lexicase,420,jobs/2x2-multiplier-temporal_fnv/06/result.json,
2x2 multiplier (temporal),fnv,7,210113526,recorded,0.51461,0.5146103896103896,0.5146103896103896,False,False,False,,478,0.345105,0.34510500591229754,600.88,True,False,time cap 600s,lexicase,479,jobs/2x2-multiplier-temporal_fnv/07/result.json,
2x2 multiplier (temporal),fnv,8,211113529,recorded,0.490476,0.4904761904761905,0.4904761904761905,False,False,False,,480,0.242294,0.24229420463795465,602.01,True,False,time cap 600s,lexicase,481,jobs/2x2-multiplier-temporal_fnv/08/result.json,
2x2 multiplier (temporal),fnv,9,212113532,recorded,0.557143,0.5571428571428572,0.5571428571428572,False,False,False,,229,0.274145,0.2741449175824176,605.32,True,False,time cap 600s,lexicase,230,jobs/2x2-multiplier-temporal_fnv/09/result.json,
2x2 multiplier (temporal),lut,0,203456380,recorded,0.472944,0.472943722943723,0.472943722943723,False,False,False,,43,0.287334,0.28733358169733464,608.46,True,False,time cap 600s,lexicase,44,jobs/2x2-multiplier-temporal_lut/00/result.json,
2x2 multiplier (temporal),lut,1,204456383,recorded,0.342487,0.3424873737373737,0.3424873737373737,False,False,False,,41,0.173496,0.173495829980205,609.31,True,False,time cap 600s,lexicase,42,jobs/2x2-multiplier-temporal_lut/01/result.json,
2x2 multiplier (temporal),nervous,0,203031855,recorded,0.52381,0.5238095238095238,0.5238095238095238,False,False,False,,132,0.28903,0.289029800608748,603.33,True,False,time cap 600s,lexicase,133,jobs/2x2-multiplier-temporal_nervous/00/result.json,
2x2 multiplier (temporal),nervous,1,204031858,recorded,0.472944,0.472943722943723,0.472943722943723,False,False,False,,300,0.27913,0.2791301638176638,605.42,True,False,time cap 600s,lexicase,301,jobs/2x2-multiplier-temporal_nervous/01/result.json,
2x2 multiplier (temporal),nervous,2,205031861,recorded,0.47619,0.4761904761904763,0.4761904761904763,False,False,False,,323,0.244206,0.24420618733118732,600.73,True,False,time cap 600s,lexicase,324,jobs/2x2-multiplier-temporal_nervous/02/result.json,
2x2 multiplier (temporal),nervous,3,206031864,recorded,0.418651,0.41865079365079366,0.41865079365079366,False,False,False,,247,0.256823,0.2568233842682372,603.27,True,False,time cap 600s,lexicase,248,jobs/2x2-multiplier-temporal_nervous/03/result.json,
2x2 multiplier (temporal),nervous,4,207031867,recorded,0.590909,0.5909090909090908,0.5909090909090908,False,False,False,,334,0.270907,0.2709071626902509,601.84,True,False,time cap 600s,lexicase,335,jobs/2x2-multiplier-temporal_nervous/04/result.json,
2x2 multiplier (temporal),nervous,5,208031870,recorded,0.51461,0.5146103896103896,0.5146103896103896,False,False,False,,339,0.306342,0.3063418005605506,600.51,True,False,time cap 600s,lexicase,340,jobs/2x2-multiplier-temporal_nervous/05/result.json,
2x2 multiplier (temporal),nervous,6,209031873,recorded,0.488095,0.48809523809523814,0.48809523809523814,False,False,False,,347,0.352891,0.352891084305558,601.13,True,False,time cap 600s,lexicase,348,jobs/2x2-multiplier-temporal_nervous/06/result.json,
2x2 multiplier (temporal),nervous,7,210031876,recorded,0.484848,0.48484848484848486,0.48484848484848486,False,False,False,,392,0.315969,0.3159686246941149,601.47,True,False,time cap 600s,lexicase,393,jobs/2x2-multiplier-temporal_nervous/07/result.json,
2x2 multiplier (temporal),nervous,8,211031879,recorded,0.51461,0.5146103896103896,0.5146103896103896,False,False,False,,301,0.346026,0.34602564797030744,602.6,True,False,time cap 600s,lexicase,302,jobs/2x2-multiplier-temporal_nervous/08/result.json,
2x2 multiplier (temporal),nervous,9,212031882,recorded,0.511905,0.511904761904762,0.511904761904762,False,False,False,,128,0.331494,0.33149399698741805,605.27,True,False,time cap 600s,lexicase,129,jobs/2x2-multiplier-temporal_nervous/09/result.json,
2x2 multiplier,fnv,0,202756852,recorded,0.846474,0.846474358974359,0.846474358974359,False,False,False,,226,0.580956,0.5809561965811966,604.1,True,False,time cap 600s,lexicase,227,jobs/2x2-multiplier_fnv/00/result.json,
2x2 multiplier,fnv,1,203756855,recorded,0.824359,0.8243589743589744,0.8243589743589744,False,False,False,,487,0.621092,0.6210924145299146,601.15,True,False,time cap 600s,lexicase,488,jobs/2x2-multiplier_fnv/01/result.json,
2x2 multiplier,fnv,2,204756858,recorded,0.816026,0.816025641025641,0.8160256410256409,False,False,False,,377,0.59773,0.5977297008547009,600.97,True,False,time cap 600s,lexicase,378,jobs/2x2-multiplier_fnv/02/result.json,
2x2 multiplier,fnv,3,205756861,recorded,0.888942,0.8889423076923078,0.8889423076923078,False,False,False,,590,0.598758,0.5987580128205128,601.23,True,False,time cap 600s,lexicase,591,jobs/2x2-multiplier_fnv/03/result.json,
2x2 multiplier,fnv,4,206756864,recorded,0.825962,0.8259615384615384,0.8259615384615384,False,False,False,,551,0.649797,0.6497970085470085,601.62,True,False,time cap 600s,lexicase,552,jobs/2x2-multiplier_fnv/04/result.json,
2x2 multiplier,fnv,5,207756867,recorded,0.867308,0.8673076923076923,0.8673076923076923,False,False,False,,551,0.676428,0.6764276175213675,601.07,True,False,time cap 600s,lexicase,552,jobs/2x2-multiplier_fnv/05/result.json,
2x2 multiplier,fnv,6,208756870,recorded,0.849359,0.8493589743589745,0.8493589743589745,False,False,False,,600,0.588456,0.5884561965811965,565.23,False,False,,lexicase,601,jobs/2x2-multiplier_fnv/06/result.json,
2x2 multiplier,fnv,7,209756873,recorded,0.759295,0.7592948717948718,0.7592948717948719,False,False,False,,473,0.565227,0.5652270299145299,600.74,True,False,time cap 600s,lexicase,474,jobs/2x2-multiplier_fnv/07/result.json,
2x2 multiplier,fnv,8,210756876,recorded,0.784295,0.7842948717948718,0.7842948717948718,False,False,False,,539,0.592959,0.5929594017094018,600.49,True,False,time cap 600s,lexicase,540,jobs/2x2-multiplier_fnv/08/result.json,
2x2 multiplier,fnv,9,211756879,recorded,0.76891,0.7689102564102563,0.7689102564102562,False,False,False,,237,0.57445,0.5744497863247863,601.13,True,False,time cap 600s,lexicase,238,jobs/2x2-multiplier_fnv/09/result.json,
2x2 multiplier,lut,0,202712948,recorded,0.775962,0.7759615384615384,0.7759615384615385,False,False,False,,56,0.533134,0.533133547008547,607.72,True,False,time cap 600s,lexicase,57,jobs/2x2-multiplier_lut/00/result.json,
2x2 multiplier,lut,1,203712951,recorded,0.817628,0.8176282051282051,0.5895032051282051,False,False,False,,184,0.5694,0.5694001068376069,604.37,True,False,time cap 600s,lexicase,185,jobs/2x2-multiplier_lut/01/result.json,
2x2 multiplier,lut,2,204712954,recorded,0.755128,0.7551282051282051,0.8176282051282051,False,False,False,,198,0.558122,0.5581217948717949,602.07,True,False,time cap 600s,lexicase,199,jobs/2x2-multiplier_lut/02/result.json,
2x2 multiplier,lut,3,205712957,recorded,0.759295,0.7592948717948718,0.7592948717948719,False,False,False,,201,0.540397,0.5403971688034187,603.52,True,False,time cap 600s,lexicase,202,jobs/2x2-multiplier_lut/03/result.json,
2x2 multiplier,lut,4,206712960,recorded,0.824359,0.8243589743589743,0.8243589743589744,False,False,False,,194,0.571958,0.5719583333333333,602.66,True,False,time cap 600s,lexicase,195,jobs/2x2-multiplier_lut/04/result.json,
2x2 multiplier,lut,5,207712963,recorded,0.824359,0.8243589743589743,0.8243589743589744,False,False,False,,185,0.561445,0.5614449786324786,601.79,True,False,time cap 600s,lexicase,186,jobs/2x2-multiplier_lut/05/result.json,
2x2 multiplier,lut,6,208712966,recorded,0.755128,0.7551282051282051,0.7551282051282051,False,False,False,,197,0.556916,0.5569155982905982,603.76,True,False,time cap 600s,lexicase,198,jobs/2x2-multiplier_lut/06/result.json,
2x2 multiplier,lut,7,209712969,recorded,0.774359,0.7743589743589743,0.6076923076923078,False,False,False,,200,0.540355,0.5403552350427351,601.63,True,False,time cap 600s,lexicase,201,jobs/2x2-multiplier_lut/07/result.json,
2x2 multiplier,lut,8,210712972,recorded,0.780128,0.7801282051282051,0.7801282051282051,False,False,False,,195,0.560082,0.5600821314102564,603.84,True,False,time cap 600s,lexicase,196,jobs/2x2-multiplier_lut/08/result.json,
2x2 multiplier,lut,9,211712975,recorded,0.753526,0.753525641025641,0.7342948717948717,False,False,False,,53,0.571563,0.5715625000000001,602.93,True,False,time cap 600s,lexicase,54,jobs/2x2-multiplier_lut/09/result.json,
A-count multiple-of-3 queried by B,fnv,0,202829422,recorded,0.576923,0.5769230769230769,0.5769230769230769,False,False,False,,425,0.330823,0.3308230389634201,601.01,True,False,time cap 600s,tournament,426,jobs/a-count-multiple-of-3-queried-by-b_fnv/00/result.json,
A-count multiple-of-3 queried by B,fnv,1,203829425,recorded,0.576923,0.5769230769230769,0.5769230769230769,False,False,False,,395,0.243432,0.2434317534317534,602.81,True,False,time cap 600s,tournament,396,jobs/a-count-multiple-of-3-queried-by-b_fnv/01/result.json,
A-count multiple-of-3 queried by B,fnv,2,204829428,recorded,0.666667,0.6666666666666667,0.6490817953975849,False,False,False,,600,0.393031,0.3930311634078757,455.34,False,False,,tournament,601,jobs/a-count-multiple-of-3-queried-by-b_fnv/02/result.json,
A-count multiple-of-3 queried by B,fnv,3,205829431,recorded,0.576923,0.5769230769230769,0.5769230769230769,False,False,False,,355,0.291049,0.29104872470330484,600.59,True,False,time cap 600s,tournament,356,jobs/a-count-multiple-of-3-queried-by-b_fnv/03/result.json,
A-count multiple-of-3 queried by B,fnv,4,206829434,recorded,0.642857,0.6428571428571429,0.47345177155475254,False,False,False,,600,0.334932,0.3349320778139809,437.35,False,False,,tournament,601,jobs/a-count-multiple-of-3-queried-by-b_fnv/04/result.json,
A-count multiple-of-3 queried by B,fnv,5,207829437,recorded,0.740741,0.7407407407407408,0.7407407407407408,False,False,False,,600,0.232695,0.23269464794585,333.71,False,False,,tournament,601,jobs/a-count-multiple-of-3-queried-by-b_fnv/05/result.json,
A-count multiple-of-3 queried by B,fnv,6,208829440,recorded,0.576923,0.5769230769230769,0.5769230769230769,False,False,False,,600,0.255404,0.2554042147804771,257.42,False,False,,tournament,601,jobs/a-count-multiple-of-3-queried-by-b_fnv/06/result.json,
A-count multiple-of-3 queried by B,fnv,7,209829443,recorded,0.576923,0.5769230769230769,0.5769230769230769,False,False,False,,600,0.236623,0.2366226366226366,463.42,False,False,,tournament,601,jobs/a-count-multiple-of-3-queried-by-b_fnv/07/result.json,
A-count multiple-of-3 queried by B,fnv,8,210829446,recorded,0.576923,0.5769230769230769,0.5769230769230769,False,False,False,,600,0.39237,0.3923697982963441,407.19,False,False,,tournament,601,jobs/a-count-multiple-of-3-queried-by-b_fnv/08/result.json,
A-count multiple-of-3 queried by B,fnv,9,211829449,recorded,0.6,0.6,0.5671244277985852,False,False,False,,406,0.269917,0.26991728701406115,603.16,True,False,time cap 600s,tournament,407,jobs/a-count-multiple-of-3-queried-by-b_fnv/09/result.json,
A-count multiple-of-3 queried by B,lut,0,202799885,recorded,0.606061,0.606060606060606,0.5819896207727954,False,False,False,,600,0.14218,0.14218006562118884,567.14,False,False,,tournament,601,jobs/a-count-multiple-of-3-queried-by-b_lut/00/result.json,
A-count multiple-of-3 queried by B,lut,1,203799888,recorded,0.5,0.5,0.49567510548523214,False,False,False,,350,0.123896,0.12389646820608095,601.99,True,False,time cap 600s,tournament,351,jobs/a-count-multiple-of-3-queried-by-b_lut/01/result.json,
A-count multiple-of-3 queried by B,lut,2,204799891,recorded,0.588235,0.5882352941176471,0.5826925976179708,False,False,False,,600,0.186422,0.186422421509966,371.39,False,False,,tournament,601,jobs/a-count-multiple-of-3-queried-by-b_lut/02/result.json,
A-count multiple-of-3 queried by B,lut,3,205799894,recorded,0.59375,0.59375,0.5084119281939129,False,False,False,,344,0.361756,0.3617557679050206,601.09,True,False,time cap 600s,tournament,345,jobs/a-count-multiple-of-3-queried-by-b_lut/03/result.json,
A-count multiple-of-3 queried by B,lut,4,206799897,recorded,0.522727,0.5227272727272728,0.4843654730968692,False,False,False,,600,0.233394,0.2333943062932365,363.89,False,False,,tournament,601,jobs/a-count-multiple-of-3-queried-by-b_lut/04/result.json,
A-count multiple-of-3 queried by B,lut,5,207799900,recorded,0.52381,0.5238095238095238,0.39524555903866254,False,False,False,,600,0.207564,0.20756374643670353,561.1,False,False,,tournament,601,jobs/a-count-multiple-of-3-queried-by-b_lut/05/result.json,
A-count multiple-of-3 queried by B,lut,6,208799903,recorded,0.525,0.525,0.45657101731137956,False,False,False,,600,0.288201,0.28820086818092144,414.15,False,False,,tournament,601,jobs/a-count-multiple-of-3-queried-by-b_lut/06/result.json,
A-count multiple-of-3 queried by B,lut,7,209799906,recorded,0.588235,0.5882352941176471,0.5826925976179708,False,False,False,,600,0.214434,0.21443388209449285,383.57,False,False,,tournament,601,jobs/a-count-multiple-of-3-queried-by-b_lut/07/result.json,
A-count multiple-of-3 queried by B,lut,8,210799909,recorded,0.506667,0.5066666666666666,0.43072741090044625,False,False,False,,600,0.232926,0.23292581476456245,434.5,False,False,,tournament,601,jobs/a-count-multiple-of-3-queried-by-b_lut/08/result.json,
A-count multiple-of-3 queried by B,lut,9,211799912,recorded,0.588235,0.5882352941176471,0.4242186938445067,False,False,False,,294,0.359509,0.35950907245479286,604.08,True,False,time cap 600s,tournament,295,jobs/a-count-multiple-of-3-queried-by-b_lut/09/result.json,
A-count multiple-of-3 queried by B,nervous,0,202989461,recorded,0.732394,0.7323943661971831,0.7222069597069597,False,False,False,,600,0.326398,0.326397881739068,289.91,False,False,,tournament,601,jobs/a-count-multiple-of-3-queried-by-b_nervous/00/result.json,
A-count multiple-of-3 queried by B,nervous,1,203989464,recorded,0.606061,0.6060606060606061,0.6061018346732633,False,False,False,,559,0.381925,0.3819251057335322,600.55,True,False,time cap 600s,tournament,560,jobs/a-count-multiple-of-3-queried-by-b_nervous/01/result.json,
A-count multiple-of-3 queried by B,nervous,2,204989467,recorded,0.617021,0.6170212765957447,0.5661614004302268,False,False,False,,600,0.21466,0.21465966705799713,268.37,False,False,,tournament,601,jobs/a-count-multiple-of-3-queried-by-b_nervous/02/result.json,
A-count multiple-of-3 queried by B,nervous,3,205989470,recorded,0.746269,0.746268656716418,0.6648295243403939,False,False,False,,515,0.211618,0.211618199093965,601.92,True,False,time cap 600s,tournament,516,jobs/a-count-multiple-of-3-queried-by-b_nervous/03/result.json,
A-count multiple-of-3 queried by B,nervous,4,206989473,recorded,0.701754,0.7017543859649122,0.6478927203065133,False,False,False,,600,0.472522,0.47252153051010387,248.32,False,False,,tournament,601,jobs/a-count-multiple-of-3-queried-by-b_nervous/04/result.json,
A-count multiple-of-3 queried by B,nervous,5,207989476,recorded,0.682353,0.6823529411764705,0.6133969389783344,False,False,False,,600,0.254445,0.25444464996892713,386.46,False,False,,tournament,601,jobs/a-count-multiple-of-3-queried-by-b_nervous/05/result.json,
A-count multiple-of-3 queried by B,nervous,6,208989479,recorded,0.695652,0.6956521739130435,0.6929694626463475,False,False,False,,600,0.400964,0.4009640972447926,266.73,False,False,,tournament,601,jobs/a-count-multiple-of-3-queried-by-b_nervous/06/result.json,
A-count multiple-of-3 queried by B,nervous,7,209989482,recorded,0.71875,0.71875,0.7072186571769318,False,False,False,,600,0.48139,0.4813898591928332,198.35,False,False,,tournament,601,jobs/a-count-multiple-of-3-queried-by-b_nervous/07/result.json,
A-count multiple-of-3 queried by B,nervous,8,210989485,recorded,0.835821,0.835820895522388,0.8101393485063371,False,False,False,,600,0.27352,0.27351987099174946,246.04,False,False,,tournament,601,jobs/a-count-multiple-of-3-queried-by-b_nervous/08/result.json,
A-count multiple-of-3 queried by B,nervous,9,211989488,recorded,0.682353,0.6823529411764705,0.6133969389783344,False,False,False,,600,0.553688,0.5536883354314953,456.64,False,False,,tournament,601,jobs/a-count-multiple-of-3-queried-by-b_nervous/09/result.json,
A-count parity queried by B,fnv,0,203287812,recorded,1.0,1.0,1.0,True,True,True,557,562,1.0,1.0,249.32,False,False,population solved,tournament,563,jobs/a-count-parity-queried-by-b_fnv/00/result.json,
A-count parity queried by B,fnv,1,204287815,recorded,1.0,1.0,1.0,True,True,True,420,425,1.0,1.0,437.65,False,False,population solved,tournament,426,jobs/a-count-parity-queried-by-b_fnv/01/result.json,
A-count parity queried by B,fnv,2,205287818,recorded,0.8,0.8,0.8000000000000002,False,False,False,,600,0.401044,0.4010443064270964,394.0,False,False,,tournament,601,jobs/a-count-parity-queried-by-b_fnv/02/result.json,
A-count parity queried by B,fnv,3,206287821,recorded,1.0,1.0,1.0,True,True,True,177,181,1.0,1.0,154.07,False,False,population solved,tournament,182,jobs/a-count-parity-queried-by-b_fnv/03/result.json,
A-count parity queried by B,fnv,4,207287824,recorded,0.784314,0.7843137254901961,0.7843137254901961,False,False,False,,600,0.188581,0.18858088589632788,206.13,False,False,,tournament,601,jobs/a-count-parity-queried-by-b_fnv/04/result.json,
A-count parity queried by B,fnv,5,208287827,recorded,0.666667,0.6666666666666667,0.6045454545454546,False,False,False,,600,0.292447,0.2924471385327011,478.86,False,False,,tournament,601,jobs/a-count-parity-queried-by-b_fnv/05/result.json,
A-count parity queried by B,fnv,6,209287830,recorded,1.0,1.0,1.0,True,True,True,287,291,1.0,1.0,94.78,False,False,population solved,tournament,292,jobs/a-count-parity-queried-by-b_fnv/06/result.json,
A-count parity queried by B,fnv,7,210287833,recorded,0.8,0.8,0.8000000000000002,False,False,False,,600,0.320015,0.32001501097045454,290.6,False,False,,tournament,601,jobs/a-count-parity-queried-by-b_fnv/07/result.json,
A-count parity queried by B,fnv,8,211287836,recorded,0.689655,0.6896551724137931,0.6844892160661242,False,False,False,,600,0.44304,0.44303950007128085,392.7,False,False,,tournament,601,jobs/a-count-parity-queried-by-b_fnv/08/result.json,
A-count parity queried by B,fnv,9,212287839,recorded,1.0,1.0,0.9212806026365349,True,True,True,115,120,1.0,1.0,57.82,False,False,population solved,tournament,121,jobs/a-count-parity-queried-by-b_fnv/09/result.json,
A-count parity queried by B,lut,0,203012327,recorded,0.561404,0.5614035087719299,0.5912386813808715,False,False,False,,600,0.211305,0.21130507689998804,349.14,False,False,,tournament,601,jobs/a-count-parity-queried-by-b_lut/00/result.json,
A-count parity queried by B,lut,1,204012330,recorded,0.561404,0.5614035087719299,0.5370370370370371,False,False,False,,362,0.261651,0.2616507867774328,601.41,True,False,time cap 600s,tournament,363,jobs/a-count-parity-queried-by-b_lut/01/result.json,
A-count parity queried by B,lut,2,205012333,recorded,0.561404,0.5614035087719299,0.5370370370370371,False,False,False,,600,0.309713,0.30971323432010495,411.57,False,False,,tournament,601,jobs/a-count-parity-queried-by-b_lut/02/result.json,
A-count parity queried by B,lut,3,206012336,recorded,0.520548,0.5205479452054794,0.5482640174420996,False,False,False,,361,0.199283,0.19928257635985053,601.19,True,False,time cap 600s,tournament,362,jobs/a-count-parity-queried-by-b_lut/03/result.json,
A-count parity queried by B,lut,4,207012339,recorded,0.561404,0.5614035087719299,0.5595238095238094,False,False,False,,600,0.239523,0.23952303307100908,599.1,False,False,,tournament,601,jobs/a-count-parity-queried-by-b_lut/04/result.json,
A-count parity queried by B,lut,5,208012342,recorded,0.561404,0.5614035087719299,0.5370370370370371,False,False,False,,600,0.200842,0.20084236053345184,359.95,False,False,,tournament,601,jobs/a-count-parity-queried-by-b_lut/05/result.json,
A-count parity queried by B,lut,6,209012345,recorded,0.561404,0.5614035087719299,0.5912386813808715,False,False,False,,600,0.260669,0.26066917471578127,368.05,False,False,,tournament,601,jobs/a-count-parity-queried-by-b_lut/06/result.json,
A-count parity queried by B,lut,7,210012348,recorded,0.527778,0.5277777777777778,0.5262883235485974,False,False,False,,600,0.213955,0.21395470941459543,388.39,False,False,,tournament,601,jobs/a-count-parity-queried-by-b_lut/07/result.json,
A-count parity queried by B,lut,8,211012351,recorded,0.542857,0.5428571428571427,0.5216030482411376,False,False,False,,600,0.180105,0.18010523648834922,344.04,False,False,,tournament,601,jobs/a-count-parity-queried-by-b_lut/08/result.json,
A-count parity queried by B,lut,9,212012354,recorded,0.520548,0.5205479452054794,0.5482640174420996,False,False,False,,328,0.198137,0.19813707956690804,601.47,True,False,time cap 600s,tournament,329,jobs/a-count-parity-queried-by-b_lut/09/result.json,
A-count parity queried by B,nervous,0,202781612,recorded,0.933333,0.9333333333333333,0.7905961149011755,False,False,False,,600,0.648939,0.6489387693552044,227.34,False,False,,tournament,601,jobs/a-count-parity-queried-by-b_nervous/00/result.json,
A-count parity queried by B,nervous,1,203781615,recorded,0.848485,0.8484848484848485,0.7996089931573803,False,False,False,,576,0.562437,0.5624367160737836,600.67,True,False,time cap 600s,tournament,577,jobs/a-count-parity-queried-by-b_nervous/01/result.json,
A-count parity queried by B,nervous,2,204781618,recorded,0.689655,0.6896551724137931,0.6446603316168534,False,False,False,,600,0.236934,0.2369342673472435,174.76,False,False,,tournament,601,jobs/a-count-parity-queried-by-b_nervous/02/result.json,
A-count parity queried by B,nervous,3,205781621,recorded,0.705882,0.7058823529411764,0.7051282051282052,False,False,False,,514,0.445125,0.4451253348140109,602.69,True,False,time cap 600s,tournament,515,jobs/a-count-parity-queried-by-b_nervous/03/result.json,
A-count parity queried by B,nervous,4,206781624,recorded,0.638298,0.6382978723404256,0.6382978723404256,False,False,False,,600,0.309482,0.3094818437279633,246.09,False,False,,tournament,601,jobs/a-count-parity-queried-by-b_nervous/04/result.json,
A-count parity queried by B,nervous,5,207781627,recorded,0.638298,0.6382978723404256,0.6382978723404256,False,False,False,,600,0.256459,0.2564591461468569,220.1,False,False,,tournament,601,jobs/a-count-parity-queried-by-b_nervous/05/result.json,
A-count parity queried by B,nervous,6,208781630,recorded,0.882353,0.8823529411764706,0.8767925080479952,False,False,False,,600,0.51738,0.5173803898893146,246.21,False,False,,tournament,601,jobs/a-count-parity-queried-by-b_nervous/06/result.json,
A-count parity queried by B,nervous,7,209781633,recorded,0.681818,0.6818181818181819,0.6617826617826618,False,False,False,,600,0.330244,0.3302444010910001,335.62,False,False,,tournament,601,jobs/a-count-parity-queried-by-b_nervous/07/result.json,
A-count parity queried by B,nervous,8,210781636,recorded,0.9,0.9,0.8683031365673095,False,False,False,,600,0.326594,0.32659355954811214,286.08,False,False,,tournament,601,jobs/a-count-parity-queried-by-b_nervous/08/result.json,
A-count parity queried by B,nervous,9,211781639,recorded,0.724638,0.7246376811594204,0.6641269841269841,False,False,False,,538,0.373239,0.37323880433400525,601.68,True,False,time cap 600s,tournament,539,jobs/a-count-parity-queried-by-b_nervous/09/result.json,
A-first rendezvous,fnv,0,202933084,recorded,0.631579,0.631578947368421,0.6928104575163397,False,False,False,,600,0.240774,0.24077412739300832,118.22,False,False,,tournament,601,jobs/a-first-rendezvous_fnv/00/result.json,
A-first rendezvous,fnv,1,203933087,recorded,0.857143,0.8571428571428571,0.4037037037037037,False,False,False,,533,0.248306,0.2483060816899348,600.52,True,False,time cap 600s,tournament,534,jobs/a-first-rendezvous_fnv/01/result.json,
A-first rendezvous,fnv,2,204933090,recorded,0.857143,0.8571428571428571,0.4524948735475051,False,False,False,,600,0.298864,0.29886445382962407,220.73,False,False,,tournament,601,jobs/a-first-rendezvous_fnv/02/result.json,
A-first rendezvous,fnv,3,205933093,recorded,0.740741,0.7407407407407408,0.7299999999999999,False,False,False,,505,0.19568,0.19567991561207723,602.21,True,False,time cap 600s,tournament,506,jobs/a-first-rendezvous_fnv/03/result.json,
A-first rendezvous,fnv,4,206933096,recorded,1.0,1.0,0.9444444444444445,True,True,True,388,392,1.0,1.0,192.87,False,False,population solved,tournament,393,jobs/a-first-rendezvous_fnv/04/result.json,
A-first rendezvous,fnv,5,207933099,recorded,0.736842,0.7368421052631579,0.6222222222222222,False,False,False,,600,0.247021,0.24702125876196848,404.78,False,False,,tournament,601,jobs/a-first-rendezvous_fnv/05/result.json,
A-first rendezvous,fnv,6,208933102,recorded,0.785714,0.7857142857142857,0.6688250021583354,False,False,False,,600,0.262108,0.2621075837742504,360.75,False,False,,tournament,601,jobs/a-first-rendezvous_fnv/06/result.json,
A-first rendezvous,fnv,7,209933105,recorded,0.818182,0.8181818181818182,0.4625199362041467,False,False,False,,600,0.1865,0.18650030323943367,314.84,False,False,,tournament,601,jobs/a-first-rendezvous_fnv/07/result.json,
A-first rendezvous,fnv,8,210933108,recorded,0.758621,0.7586206896551724,0.6313131313131312,False,False,False,,600,0.170793,0.1707929974406736,301.36,False,False,,tournament,601,jobs/a-first-rendezvous_fnv/08/result.json,
A-first rendezvous,fnv,9,211933111,recorded,0.736842,0.7368421052631579,0.6222222222222222,False,False,False,,390,0.221171,0.22117134126630777,600.79,True,False,time cap 600s,tournament,391,jobs/a-first-rendezvous_fnv/09/result.json,
A-first rendezvous,lut,0,203423093,recorded,0.727273,0.7272727272727273,0.6608465608465607,False,False,False,,600,0.240551,0.24055098117102858,542.74,False,False,,tournament,601,jobs/a-first-rendezvous_lut/00/result.json,
A-first rendezvous,lut,1,204423096,recorded,0.585366,0.5853658536585366,0.6161745827984596,False,False,False,,224,0.158736,0.15873627554258582,603.88,True,False,time cap 600s,tournament,225,jobs/a-first-rendezvous_lut/01/result.json,
A-first rendezvous,lut,2,205423099,recorded,0.588235,0.5882352941176471,0.35714285714285715,False,False,False,,600,0.134369,0.13436907168426046,482.69,False,False,,tournament,601,jobs/a-first-rendezvous_lut/02/result.json,
A-first rendezvous,lut,3,206423102,recorded,0.571429,0.5714285714285715,0.5599595551061678,False,False,False,,229,0.208731,0.20873095316833715,601.59,True,False,time cap 600s,tournament,230,jobs/a-first-rendezvous_lut/03/result.json,
A-first rendezvous,lut,4,207423105,recorded,0.588235,0.5882352941176471,0.35714285714285715,False,False,False,,600,0.176099,0.1760989910050856,468.31,False,False,,tournament,601,jobs/a-first-rendezvous_lut/04/result.json,
A-first rendezvous,lut,5,208423108,recorded,0.571429,0.5714285714285715,0.5599595551061678,False,False,False,,547,0.270131,0.2701314400452401,600.86,True,False,time cap 600s,tournament,548,jobs/a-first-rendezvous_lut/05/result.json,
A-first rendezvous,lut,6,209423111,recorded,0.814815,0.8148148148148148,0.6069389547650417,False,False,False,,600,0.239672,0.23967233649970804,446.92,False,False,,tournament,601,jobs/a-first-rendezvous_lut/06/result.json,
A-first rendezvous,lut,7,210423114,recorded,0.571429,0.5714285714285715,0.5599595551061678,False,False,False,,600,0.192676,0.19267627843432028,467.61,False,False,,tournament,601,jobs/a-first-rendezvous_lut/07/result.json,
A-first rendezvous,lut,8,211423117,recorded,0.571429,0.5714285714285715,0.5599595551061678,False,False,False,,600,0.241698,0.2416981465879875,449.43,False,False,,tournament,601,jobs/a-first-rendezvous_lut/08/result.json,
A-first rendezvous,lut,9,212423120,recorded,0.588235,0.5882352941176471,0.35714285714285715,False,False,False,,251,0.190308,0.1903083229836326,603.64,True,False,time cap 600s,tournament,252,jobs/a-first-rendezvous_lut/09/result.json,
A-first rendezvous,nervous,0,202993347,recorded,0.666667,0.6666666666666666,0.27985347985347986,False,False,False,,600,0.279879,0.2798785255545691,298.64,False,False,,tournament,601,jobs/a-first-rendezvous_nervous/00/result.json,
A-first rendezvous,nervous,1,203993350,recorded,0.631579,0.631578947368421,0.25595238095238093,False,False,False,,600,0.286542,0.2865422243891293,572.0,False,False,,tournament,601,jobs/a-first-rendezvous_nervous/01/result.json,
A-first rendezvous,nervous,2,204993353,recorded,0.631579,0.631578947368421,0.25595238095238093,False,False,False,,600,0.289457,0.28945731950570397,165.13,False,False,,tournament,601,jobs/a-first-rendezvous_nervous/02/result.json,
A-first rendezvous,nervous,3,205993356,recorded,0.636364,0.6363636363636365,0.3434343434343434,False,False,False,,600,0.213173,0.2131731213061636,576.91,False,False,,tournament,601,jobs/a-first-rendezvous_nervous/03/result.json,
A-first rendezvous,nervous,4,206993359,recorded,0.666667,0.6666666666666666,0.27985347985347986,False,False,False,,600,0.26797,0.26797017717042854,226.71,False,False,,tournament,601,jobs/a-first-rendezvous_nervous/04/result.json,
A-first rendezvous,nervous,5,207993362,recorded,0.666667,0.6666666666666666,0.25961538461538464,False,False,False,,600,0.224015,0.2240146692626743,181.43,False,False,,tournament,601,jobs/a-first-rendezvous_nervous/05/result.json,
A-first rendezvous,nervous,6,208993365,recorded,0.631579,0.631578947368421,0.25595238095238093,False,False,False,,600,0.321809,0.3218092167103001,347.22,False,False,,tournament,601,jobs/a-first-rendezvous_nervous/06/result.json,
A-first rendezvous,nervous,7,209993368,recorded,0.7,0.7000000000000001,0.21428571428571427,False,False,False,,600,0.246229,0.24622877911350452,213.32,False,False,,tournament,601,jobs/a-first-rendezvous_nervous/07/result.json,
A-first rendezvous,nervous,8,210993371,recorded,0.631579,0.631578947368421,0.25595238095238093,False,False,False,,600,0.320702,0.32070183472884956,186.33,False,False,,tournament,601,jobs/a-first-rendezvous_nervous/08/result.json,
A-first rendezvous,nervous,9,211993374,recorded,0.761905,0.761904761904762,0.286231884057971,False,False,False,,402,0.335265,0.335265047801535,601.78,True,False,time cap 600s,tournament,403,jobs/a-first-rendezvous_nervous/09/result.json,
AND (temporal),fnv,0,203277415,recorded,1.0,1.0,1.0,True,True,True,24,27,1.0,1.0,4.26,False,False,population solved,lexicase,28,jobs/and-temporal_fnv/00/result.json,
AND (temporal),fnv,1,204277418,recorded,1.0,1.0,1.0,True,True,True,1,4,1.0,1.0,0.94,False,False,population solved,lexicase,5,jobs/and-temporal_fnv/01/result.json,
AND (temporal),fnv,2,205277421,recorded,1.0,1.0,1.0,True,True,True,21,24,1.0,1.0,3.02,False,False,population solved,lexicase,25,jobs/and-temporal_fnv/02/result.json,
AND (temporal),fnv,3,206277424,recorded,1.0,1.0,1.0,True,True,True,2,5,1.0,1.0,1.01,False,False,population solved,lexicase,6,jobs/and-temporal_fnv/03/result.json,
AND (temporal),fnv,4,207277427,recorded,1.0,1.0,1.0,True,True,True,20,22,1.0,1.0,2.92,False,False,population solved,lexicase,23,jobs/and-temporal_fnv/04/result.json,
AND (temporal),fnv,5,208277430,recorded,1.0,1.0,1.0,True,True,True,24,26,1.0,1.0,3.46,False,False,population solved,lexicase,27,jobs/and-temporal_fnv/05/result.json,
AND (temporal),fnv,6,209277433,recorded,1.0,1.0,1.0,True,True,True,40,42,1.0,1.0,9.31,False,False,population solved,lexicase,43,jobs/and-temporal_fnv/06/result.json,
AND (temporal),fnv,7,210277436,recorded,1.0,1.0,1.0,True,True,True,36,39,1.0,1.0,5.33,False,False,population solved,lexicase,40,jobs/and-temporal_fnv/07/result.json,
AND (temporal),fnv,8,211277439,recorded,1.0,1.0,1.0,True,True,True,3,6,1.0,1.0,1.24,False,False,population solved,lexicase,7,jobs/and-temporal_fnv/08/result.json,
AND (temporal),fnv,9,212277442,recorded,1.0,1.0,1.0,True,True,True,15,17,1.0,1.0,2.34,False,False,population solved,lexicase,18,jobs/and-temporal_fnv/09/result.json,
AND (temporal),lut,0,202620787,recorded,1.0,1.0,1.0,True,True,True,6,8,1.0,1.0,6.84,False,False,population solved,lexicase,9,jobs/and-temporal_lut/00/result.json,
AND (temporal),lut,1,203620790,recorded,1.0,1.0,1.0,True,True,True,5,8,1.0,1.0,6.8,False,False,population solved,lexicase,9,jobs/and-temporal_lut/01/result.json,
AND (temporal),lut,2,204620793,recorded,1.0,1.0,1.0,True,True,True,3,6,1.0,1.0,5.71,False,False,population solved,lexicase,7,jobs/and-temporal_lut/02/result.json,
AND (temporal),lut,3,205620796,recorded,1.0,1.0,1.0,True,True,True,25,28,1.0,1.0,59.81,False,False,population solved,lexicase,29,jobs/and-temporal_lut/03/result.json,
AND (temporal),lut,4,206620799,recorded,1.0,1.0,1.0,True,True,True,2,5,1.0,1.0,4.8,False,False,population solved,lexicase,6,jobs/and-temporal_lut/04/result.json,
AND (temporal),lut,5,207620802,recorded,1.0,1.0,1.0,True,True,True,31,34,1.0,1.0,22.4,False,False,population solved,lexicase,35,jobs/and-temporal_lut/05/result.json,
AND (temporal),lut,6,208620805,recorded,1.0,1.0,1.0,True,True,True,14,17,1.0,1.0,11.59,False,False,population solved,lexicase,18,jobs/and-temporal_lut/06/result.json,
AND (temporal),lut,7,209620808,recorded,1.0,1.0,1.0,True,True,True,8,11,1.0,1.0,8.3,False,False,population solved,lexicase,12,jobs/and-temporal_lut/07/result.json,
AND (temporal),lut,8,210620811,recorded,1.0,1.0,1.0,True,True,True,44,47,1.0,1.0,28.57,False,False,population solved,lexicase,48,jobs/and-temporal_lut/08/result.json,
AND (temporal),lut,9,211620814,recorded,1.0,1.0,1.0,True,True,True,27,30,1.0,1.0,19.07,False,False,population solved,lexicase,31,jobs/and-temporal_lut/09/result.json,
AND (temporal),nervous,0,202986044,recorded,1.0,1.0,1.0,True,True,True,5,9,1.0,1.0,2.47,False,False,population solved,lexicase,10,jobs/and-temporal_nervous/00/result.json,
AND (temporal),nervous,1,203986047,recorded,1.0,1.0,1.0,True,True,True,20,23,1.0,1.0,4.84,False,False,population solved,lexicase,24,jobs/and-temporal_nervous/01/result.json,
AND (temporal),nervous,2,204986050,recorded,1.0,1.0,1.0,True,True,True,28,32,1.0,1.0,5.69,False,False,population solved,lexicase,33,jobs/and-temporal_nervous/02/result.json,
AND (temporal),nervous,3,205986053,recorded,1.0,1.0,1.0,True,True,True,21,24,1.0,1.0,9.73,False,False,population solved,lexicase,25,jobs/and-temporal_nervous/03/result.json,
AND (temporal),nervous,4,206986056,recorded,1.0,1.0,1.0,True,True,True,19,24,1.0,1.0,4.47,False,False,population solved,lexicase,25,jobs/and-temporal_nervous/04/result.json,
AND (temporal),nervous,5,207986059,recorded,1.0,1.0,1.0,True,True,True,5,8,1.0,1.0,2.23,False,False,population solved,lexicase,9,jobs/and-temporal_nervous/05/result.json,
AND (temporal),nervous,6,208986062,recorded,1.0,1.0,1.0,True,True,True,46,50,1.0,1.0,10.62,False,False,population solved,lexicase,51,jobs/and-temporal_nervous/06/result.json,
AND (temporal),nervous,7,209986065,recorded,1.0,1.0,1.0,True,True,True,11,14,1.0,1.0,3.06,False,False,population solved,lexicase,15,jobs/and-temporal_nervous/07/result.json,
AND (temporal),nervous,8,210986068,recorded,1.0,1.0,1.0,True,True,True,10,13,1.0,1.0,2.81,False,False,population solved,lexicase,14,jobs/and-temporal_nervous/08/result.json,
AND (temporal),nervous,9,211986071,recorded,1.0,1.0,1.0,True,True,True,8,11,1.0,1.0,2.74,False,False,population solved,lexicase,12,jobs/and-temporal_nervous/09/result.json,
AND,fnv,0,203344240,recorded,1.0,1.0,1.0,True,True,True,9,12,1.0,1.0,1.47,False,False,population solved,lexicase,13,jobs/and_fnv/00/result.json,
AND,fnv,1,204344243,recorded,1.0,1.0,1.0,True,True,True,7,10,1.0,1.0,1.27,False,False,population solved,lexicase,11,jobs/and_fnv/01/result.json,
AND,fnv,2,205344246,recorded,1.0,1.0,1.0,True,True,True,7,10,1.0,1.0,1.35,False,False,population solved,lexicase,11,jobs/and_fnv/02/result.json,
AND,fnv,3,206344249,recorded,1.0,1.0,1.0,True,True,True,9,12,1.0,1.0,1.47,False,False,population solved,lexicase,13,jobs/and_fnv/03/result.json,
AND,fnv,4,207344252,recorded,1.0,1.0,1.0,True,True,True,6,9,1.0,1.0,1.37,False,False,population solved,lexicase,10,jobs/and_fnv/04/result.json,
AND,fnv,5,208344255,recorded,1.0,1.0,1.0,True,True,True,2,5,1.0,1.0,1.0,False,False,population solved,lexicase,6,jobs/and_fnv/05/result.json,
AND,fnv,6,209344258,recorded,1.0,1.0,1.0,True,True,True,4,6,1.0,1.0,1.12,False,False,population solved,lexicase,7,jobs/and_fnv/06/result.json,
AND,fnv,7,210344261,recorded,1.0,1.0,1.0,True,True,True,2,5,1.0,1.0,1.02,False,False,population solved,lexicase,6,jobs/and_fnv/07/result.json,
AND,fnv,8,211344264,recorded,1.0,1.0,1.0,True,True,True,9,12,1.0,1.0,1.71,False,False,population solved,lexicase,13,jobs/and_fnv/08/result.json,
AND,fnv,9,212344267,recorded,1.0,1.0,1.0,True,True,True,3,6,1.0,1.0,0.95,False,False,population solved,lexicase,7,jobs/and_fnv/09/result.json,
AND,lut,0,203081411,recorded,1.0,1.0,1.0,True,True,True,14,17,1.0,1.0,9.77,False,False,population solved,lexicase,18,jobs/and_lut/00/result.json,
AND,lut,1,204081414,recorded,1.0,1.0,1.0,True,True,True,12,15,1.0,1.0,24.92,False,False,population solved,lexicase,16,jobs/and_lut/01/result.json,
AND,lut,2,205081417,recorded,1.0,1.0,1.0,True,True,True,18,21,1.0,1.0,11.73,False,False,population solved,lexicase,22,jobs/and_lut/02/result.json,
AND,lut,3,206081420,recorded,1.0,1.0,1.0,True,True,True,2,5,1.0,1.0,5.26,False,False,population solved,lexicase,6,jobs/and_lut/03/result.json,
AND,lut,4,207081423,recorded,1.0,1.0,1.0,True,True,True,14,17,1.0,1.0,10.3,False,False,population solved,lexicase,18,jobs/and_lut/04/result.json,
AND,lut,5,208081426,recorded,1.0,1.0,1.0,True,True,True,1,4,1.0,1.0,4.15,False,False,population solved,lexicase,5,jobs/and_lut/05/result.json,
AND,lut,6,209081429,recorded,1.0,1.0,1.0,True,True,True,4,6,1.0,1.0,4.88,False,False,population solved,lexicase,7,jobs/and_lut/06/result.json,
AND,lut,7,210081432,recorded,1.0,1.0,0.8472222222222222,True,False,True,20,23,1.0,1.0,12.49,False,False,population solved,lexicase,24,jobs/and_lut/07/result.json,
AND,lut,8,211081435,recorded,1.0,1.0,1.0,True,True,True,12,15,1.0,1.0,8.87,False,False,population solved,lexicase,16,jobs/and_lut/08/result.json,
AND,lut,9,212081438,recorded,1.0,1.0,1.0,True,True,True,1,4,1.0,1.0,4.53,False,False,population solved,lexicase,5,jobs/and_lut/09/result.json,
Burst x3,fnv,0,202692179,recorded,1.0,1.0,,True,False,True,143,147,1.0,1.0,48.89,False,False,population solved,tournament,148,jobs/burst-x3_fnv/00/result.json,
Burst x3,fnv,1,203692182,recorded,1.0,1.0,,True,False,True,70,75,1.0,1.0,24.58,False,False,population solved,tournament,76,jobs/burst-x3_fnv/01/result.json,
Burst x3,fnv,2,204692185,recorded,1.0,1.0,,True,False,True,124,130,1.0,1.0,41.84,False,False,population solved,tournament,131,jobs/burst-x3_fnv/02/result.json,
Burst x3,fnv,3,205692188,recorded,1.0,1.0,,True,False,True,107,112,1.0,1.0,60.35,False,False,population solved,tournament,113,jobs/burst-x3_fnv/03/result.json,
Burst x3,fnv,4,206692191,recorded,1.0,1.0,,True,False,True,218,222,1.0,1.0,130.79,False,False,population solved,tournament,223,jobs/burst-x3_fnv/04/result.json,
Burst x3,fnv,5,207692194,recorded,0.8,0.8,,False,False,False,,600,0.488684,0.4886842105263158,534.32,False,False,,tournament,601,jobs/burst-x3_fnv/05/result.json,
Burst x3,fnv,6,208692197,recorded,1.0,1.0,,True,False,True,83,88,1.0,1.0,23.99,False,False,population solved,tournament,89,jobs/burst-x3_fnv/06/result.json,
Burst x3,fnv,7,209692200,recorded,1.0,1.0,,True,False,True,102,107,1.0,1.0,33.54,False,False,population solved,tournament,108,jobs/burst-x3_fnv/07/result.json,
Burst x3,fnv,8,210692203,recorded,1.0,1.0,,True,False,True,154,159,1.0,1.0,38.49,False,False,population solved,tournament,160,jobs/burst-x3_fnv/08/result.json,
Burst x3,fnv,9,211692206,recorded,1.0,1.0,,True,False,True,148,155,1.0,1.0,92.06,False,False,population solved,tournament,156,jobs/burst-x3_fnv/09/result.json,
Burst x3,lut,0,203196527,recorded,1.0,1.0,,True,False,True,254,257,1.0,1.0,132.67,False,False,population solved,tournament,258,jobs/burst-x3_lut/00/result.json,
Burst x3,lut,1,204196530,recorded,1.0,1.0,,True,False,True,91,95,1.0,1.0,94.83,False,False,population solved,tournament,96,jobs/burst-x3_lut/01/result.json,
Burst x3,lut,2,205196533,recorded,0.8,0.8,,False,False,False,,600,0.272673,0.2726733116094818,305.27,False,False,,tournament,601,jobs/burst-x3_lut/02/result.json,
Burst x3,lut,3,206196536,recorded,1.0,1.0,,True,False,True,186,188,1.0,1.0,254.46,False,False,population solved,tournament,189,jobs/burst-x3_lut/03/result.json,
Burst x3,lut,4,207196539,recorded,1.0,1.0,,True,False,True,140,143,1.0,1.0,61.98,False,False,population solved,tournament,144,jobs/burst-x3_lut/04/result.json,
Burst x3,lut,5,208196542,recorded,1.0,1.0,,True,False,True,9,13,1.0,1.0,5.67,False,False,population solved,tournament,14,jobs/burst-x3_lut/05/result.json,
Burst x3,lut,6,209196545,recorded,1.0,1.0,,True,False,True,98,101,1.0,1.0,40.7,False,False,population solved,tournament,102,jobs/burst-x3_lut/06/result.json,
Burst x3,lut,7,210196548,recorded,1.0,1.0,,True,False,True,20,23,1.0,1.0,8.61,False,False,population solved,tournament,24,jobs/burst-x3_lut/07/result.json,
Burst x3,lut,8,211196551,recorded,1.0,1.0,,True,False,True,9,13,1.0,1.0,5.88,False,False,population solved,tournament,14,jobs/burst-x3_lut/08/result.json,
Burst x3,lut,9,212196554,recorded,1.0,1.0,,True,False,True,30,33,1.0,1.0,29.01,False,False,population solved,tournament,34,jobs/burst-x3_lut/09/result.json,
Burst x3,nervous,0,202944380,recorded,1.0,1.0,,True,False,True,285,288,1.0,1.0,80.22,False,False,population solved,tournament,289,jobs/burst-x3_nervous/00/result.json,
Burst x3,nervous,1,203944383,recorded,1.0,1.0,,True,False,True,478,482,1.0,1.0,379.22,False,False,population solved,tournament,483,jobs/burst-x3_nervous/01/result.json,
Burst x3,nervous,2,204944386,recorded,0.8,0.8,,False,False,False,,600,0.241846,0.2418456790123457,179.24,False,False,,tournament,601,jobs/burst-x3_nervous/02/result.json,
Burst x3,nervous,3,205944389,recorded,1.0,1.0,,True,False,True,47,51,1.0,1.0,30.42,False,False,population solved,tournament,52,jobs/burst-x3_nervous/03/result.json,
Burst x3,nervous,4,206944392,recorded,0.8,0.8,,False,False,False,,600,0.351898,0.3518975063796796,260.83,False,False,,tournament,601,jobs/burst-x3_nervous/04/result.json,
Burst x3,nervous,5,207944395,recorded,1.0,1.0,,True,False,True,452,455,1.0,1.0,152.21,False,False,population solved,tournament,456,jobs/burst-x3_nervous/05/result.json,
Burst x3,nervous,6,208944398,recorded,1.0,1.0,,True,False,True,35,39,1.0,1.0,10.63,False,False,population solved,tournament,40,jobs/burst-x3_nervous/06/result.json,
Burst x3,nervous,7,209944401,recorded,1.0,1.0,,True,False,True,13,18,1.0,1.0,4.9,False,False,population solved,tournament,19,jobs/burst-x3_nervous/07/result.json,
Burst x3,nervous,8,210944404,recorded,1.0,1.0,,True,False,True,240,244,1.0,1.0,69.64,False,False,population solved,tournament,245,jobs/burst-x3_nervous/08/result.json,
Burst x3,nervous,9,211944407,recorded,0.8,0.8,,False,False,False,,569,0.112986,0.11298555850279988,600.47,True,False,time cap 600s,tournament,570,jobs/burst-x3_nervous/09/result.json,
C-element (2-in join),fnv,0,203191886,recorded,0.895522,0.8955223880597014,0.8286656878206173,False,False,False,,600,0.335662,0.3356618118835139,301.51,False,False,,tournament,601,jobs/c-element-2-in-join_fnv/00/result.json,
C-element (2-in join),fnv,1,204191889,recorded,0.833333,0.8333333333333334,0.8698807571142181,False,False,False,,398,0.422214,0.42221371195617924,602.53,True,False,time cap 600s,tournament,399,jobs/c-element-2-in-join_fnv/01/result.json,
C-element (2-in join),fnv,2,205191892,recorded,0.8,0.8,0.8683135548807192,False,False,False,,600,0.382616,0.38261603312973175,314.24,False,False,,tournament,601,jobs/c-element-2-in-join_fnv/02/result.json,
C-element (2-in join),fnv,3,206191895,recorded,0.882353,0.8823529411764706,0.8293072452861742,False,False,False,,486,0.385395,0.38539473227431265,601.53,True,False,time cap 600s,tournament,487,jobs/c-element-2-in-join_fnv/03/result.json,
C-element (2-in join),fnv,4,207191898,recorded,0.882353,0.8823529411764706,0.8293072452861742,False,False,False,,600,0.389636,0.3896356234809794,469.05,False,False,,tournament,601,jobs/c-element-2-in-join_fnv/04/result.json,
C-element (2-in join),fnv,5,208191901,recorded,0.833333,0.8333333333333333,0.7558232626725777,False,False,False,,600,0.331843,0.33184278041398535,333.03,False,False,,tournament,601,jobs/c-element-2-in-join_fnv/05/result.json,
C-element (2-in join),fnv,6,209191904,recorded,0.830769,0.8307692307692307,0.852247032221594,False,False,False,,600,0.475064,0.4750635366847763,375.26,False,False,,tournament,601,jobs/c-element-2-in-join_fnv/06/result.json,
C-element (2-in join),fnv,7,210191907,recorded,0.830769,0.8307692307692307,0.852247032221594,False,False,False,,600,0.412531,0.41253074232236947,378.73,False,False,,tournament,601,jobs/c-element-2-in-join_fnv/07/result.json,
C-element (2-in join),fnv,8,211191910,recorded,0.830769,0.8307692307692307,0.852247032221594,False,False,False,,600,0.39256,0.39256037846950564,271.19,False,False,,tournament,601,jobs/c-element-2-in-join_fnv/08/result.json,
C-element (2-in join),fnv,9,212191913,recorded,0.8,0.8,0.8683135548807192,False,False,False,,362,0.488387,0.4883867536966262,601.1,True,False,time cap 600s,tournament,363,jobs/c-element-2-in-join_fnv/09/result.json,
C-element (2-in join),lut,0,203491724,recorded,0.72,0.7200000000000001,0.6928519668245695,False,False,False,,600,0.267865,0.2678654196038188,464.72,False,False,,tournament,601,jobs/c-element-2-in-join_lut/00/result.json,
C-element (2-in join),lut,1,204491727,recorded,0.72,0.7200000000000001,0.6928519668245695,False,False,False,,283,0.285771,0.285770970144916,600.86,True,False,time cap 600s,tournament,284,jobs/c-element-2-in-join_lut/01/result.json,
C-element (2-in join),lut,2,205491730,recorded,0.753623,0.7536231884057971,0.716010242156758,False,False,False,,600,0.403852,0.4038516233705172,460.26,False,False,,tournament,601,jobs/c-element-2-in-join_lut/02/result.json,
C-element (2-in join),lut,3,206491733,recorded,0.628571,0.6285714285714286,0.5241135377301952,False,False,False,,248,0.280193,0.28019302584970396,603.15,True,False,time cap 600s,tournament,249,jobs/c-element-2-in-join_lut/03/result.json,
C-element (2-in join),lut,4,207491736,recorded,0.72,0.7200000000000001,0.5342308138984971,False,False,False,,600,0.330727,0.33072683796254704,477.58,False,False,,tournament,601,jobs/c-element-2-in-join_lut/04/result.json,
C-element (2-in join),lut,5,208491739,recorded,0.703704,0.7037037037037038,0.5695832729731035,False,False,False,,600,0.368114,0.3681141658500817,461.26,False,False,,tournament,601,jobs/c-element-2-in-join_lut/05/result.json,
C-element (2-in join),lut,6,209491742,recorded,0.628571,0.6285714285714286,0.5652757902136526,False,False,False,,600,0.333101,0.3331005839957678,446.68,False,False,,tournament,601,jobs/c-element-2-in-join_lut/06/result.json,
C-element (2-in join),lut,7,210491745,recorded,0.705882,0.7058823529411764,0.6617826617826618,False,False,False,,600,0.242135,0.2421351471667069,482.47,False,False,,tournament,601,jobs/c-element-2-in-join_lut/07/result.json,
C-element (2-in join),lut,8,211491748,recorded,0.676471,0.676470588235294,0.6635367762128326,False,False,False,,600,0.234346,0.23434570118834203,473.06,False,False,,tournament,601,jobs/c-element-2-in-join_lut/08/result.json,
C-element (2-in join),lut,9,212491751,recorded,0.753623,0.7536231884057971,0.716010242156758,False,False,False,,277,0.368877,0.36887689059991186,601.57,True,False,time cap 600s,tournament,278,jobs/c-element-2-in-join_lut/09/result.json,
C-element (2-in join),nervous,0,202841727,recorded,0.695652,0.6956521739130436,0.7153386177165902,False,False,False,,600,0.335112,0.3351117910124623,230.48,False,False,,tournament,601,jobs/c-element-2-in-join_nervous/00/result.json,
C-element (2-in join),nervous,1,203841730,recorded,0.723404,0.7234042553191489,0.6944444444444443,False,False,False,,600,0.275466,0.27546586936685913,491.45,False,False,,tournament,601,jobs/c-element-2-in-join_nervous/01/result.json,
C-element (2-in join),nervous,2,204841733,recorded,0.655172,0.6551724137931035,0.5972558514931396,False,False,False,,600,0.488143,0.48814296981101074,211.23,False,False,,tournament,601,jobs/c-element-2-in-join_nervous/02/result.json,
C-element (2-in join),nervous,3,205841736,recorded,0.705882,0.7058823529411764,0.6617826617826618,False,False,False,,600,0.378215,0.37821453184996423,510.69,False,False,,tournament,601,jobs/c-element-2-in-join_nervous/03/result.json,
C-element (2-in join),nervous,4,206841739,recorded,0.705882,0.7058823529411764,0.6642246642246642,False,False,False,,600,0.561262,0.5612624579592814,304.12,False,False,,tournament,601,jobs/c-element-2-in-join_nervous/04/result.json,
C-element (2-in join),nervous,5,207841742,recorded,0.695652,0.6956521739130436,0.6556540583136328,False,False,False,,600,0.440586,0.4405860290042571,256.41,False,False,,tournament,601,jobs/c-element-2-in-join_nervous/05/result.json,
C-element (2-in join),nervous,6,208841745,recorded,0.705882,0.7058823529411764,0.6642246642246642,False,False,False,,600,0.321674,0.3216739356270887,188.89,False,False,,tournament,601,jobs/c-element-2-in-join_nervous/06/result.json,
C-element (2-in join),nervous,7,209841748,recorded,0.655172,0.6551724137931035,0.5972558514931396,False,False,False,,600,0.465798,0.46579819872645695,192.01,False,False,,tournament,601,jobs/c-element-2-in-join_nervous/07/result.json,
C-element (2-in join),nervous,8,210841751,recorded,0.666667,0.6666666666666666,0.6223087381040663,False,False,False,,600,0.433103,0.4331025210959789,173.78,False,False,,tournament,601,jobs/c-element-2-in-join_nervous/08/result.json,
C-element (2-in join),nervous,9,211841754,recorded,0.703704,0.7037037037037038,0.6125738517247951,False,False,False,,600,0.443257,0.44325721236316906,475.88,False,False,,tournament,601,jobs/c-element-2-in-join_nervous/09/result.json,
Coincidence (2-in),fnv,0,203041202,recorded,1.0,1.0,,True,False,True,8,13,1.0,1.0,1.44,False,False,population solved,tournament,14,jobs/coincidence-2-in_fnv/00/result.json,
Coincidence (2-in),fnv,1,204041205,recorded,1.0,1.0,,True,False,True,7,13,1.0,1.0,1.35,False,False,population solved,tournament,14,jobs/coincidence-2-in_fnv/01/result.json,
Coincidence (2-in),fnv,2,205041208,recorded,1.0,1.0,,True,False,True,30,35,1.0,1.0,4.11,False,False,population solved,tournament,36,jobs/coincidence-2-in_fnv/02/result.json,
Coincidence (2-in),fnv,3,206041211,recorded,1.0,1.0,,True,False,True,13,19,1.0,1.0,3.03,False,False,population solved,tournament,20,jobs/coincidence-2-in_fnv/03/result.json,
Coincidence (2-in),fnv,4,207041214,recorded,1.0,1.0,,True,False,True,10,15,1.0,1.0,1.63,False,False,population solved,tournament,16,jobs/coincidence-2-in_fnv/04/result.json,
Coincidence (2-in),fnv,5,208041217,recorded,1.0,1.0,,True,False,True,2,7,1.0,1.0,1.11,False,False,population solved,tournament,8,jobs/coincidence-2-in_fnv/05/result.json,
Coincidence (2-in),fnv,6,209041220,recorded,1.0,1.0,,True,False,True,5,9,1.0,1.0,1.28,False,False,population solved,tournament,10,jobs/coincidence-2-in_fnv/06/result.json,
Coincidence (2-in),fnv,7,210041223,recorded,1.0,1.0,,True,False,True,41,45,1.0,1.0,5.78,False,False,population solved,tournament,46,jobs/coincidence-2-in_fnv/07/result.json,
Coincidence (2-in),fnv,8,211041226,recorded,1.0,1.0,,True,False,True,39,44,1.0,1.0,5.58,False,False,population solved,tournament,45,jobs/coincidence-2-in_fnv/08/result.json,
Coincidence (2-in),fnv,9,212041229,recorded,1.0,1.0,,True,False,True,6,12,1.0,1.0,1.21,False,False,population solved,tournament,13,jobs/coincidence-2-in_fnv/09/result.json,
Coincidence (2-in),lut,0,203204610,recorded,1.0,1.0,,True,False,True,48,51,1.0,1.0,22.9,False,False,population solved,tournament,52,jobs/coincidence-2-in_lut/00/result.json,
Coincidence (2-in),lut,1,204204613,recorded,1.0,1.0,,True,False,True,1,4,1.0,1.0,2.61,False,False,population solved,tournament,5,jobs/coincidence-2-in_lut/01/result.json,
Coincidence (2-in),lut,2,205204616,recorded,1.0,1.0,,True,False,True,1,4,1.0,1.0,3.14,False,False,population solved,tournament,5,jobs/coincidence-2-in_lut/02/result.json,
Coincidence (2-in),lut,3,206204619,recorded,1.0,1.0,,True,False,True,80,83,1.0,1.0,118.21,False,False,population solved,tournament,84,jobs/coincidence-2-in_lut/03/result.json,
Coincidence (2-in),lut,4,207204622,recorded,1.0,1.0,,True,False,True,5,9,1.0,1.0,5.23,False,False,population solved,tournament,10,jobs/coincidence-2-in_lut/04/result.json,
Coincidence (2-in),lut,5,208204625,recorded,1.0,1.0,,True,False,True,27,30,1.0,1.0,12.57,False,False,population solved,tournament,31,jobs/coincidence-2-in_lut/05/result.json,
Coincidence (2-in),lut,6,209204628,recorded,1.0,1.0,,True,False,True,15,19,1.0,1.0,8.31,False,False,population solved,tournament,20,jobs/coincidence-2-in_lut/06/result.json,
Coincidence (2-in),lut,7,210204631,recorded,1.0,1.0,,True,False,True,4,7,1.0,1.0,4.13,False,False,population solved,tournament,8,jobs/coincidence-2-in_lut/07/result.json,
Coincidence (2-in),lut,8,211204634,recorded,1.0,1.0,,True,False,True,2,5,1.0,1.0,3.28,False,False,population solved,tournament,6,jobs/coincidence-2-in_lut/08/result.json,
Coincidence (2-in),lut,9,212204637,recorded,1.0,1.0,,True,False,True,10,13,1.0,1.0,12.35,False,False,population solved,tournament,14,jobs/coincidence-2-in_lut/09/result.json,
Coincidence (2-in),nervous,0,202661439,recorded,1.0,1.0,,True,False,True,178,182,1.0,1.0,48.04,False,False,population solved,tournament,183,jobs/coincidence-2-in_nervous/00/result.json,
Coincidence (2-in),nervous,1,203661442,recorded,1.0,1.0,,True,False,True,200,203,1.0,1.0,131.48,False,False,population solved,tournament,204,jobs/coincidence-2-in_nervous/01/result.json,
Coincidence (2-in),nervous,2,204661445,recorded,1.0,1.0,,True,False,True,64,67,1.0,1.0,17.16,False,False,population solved,tournament,68,jobs/coincidence-2-in_nervous/02/result.json,
Coincidence (2-in),nervous,3,205661448,recorded,1.0,1.0,,True,False,True,129,132,1.0,1.0,128.76,False,False,population solved,tournament,133,jobs/coincidence-2-in_nervous/03/result.json,
Coincidence (2-in),nervous,4,206661451,recorded,1.0,1.0,,True,False,True,69,72,1.0,1.0,19.35,False,False,population solved,tournament,73,jobs/coincidence-2-in_nervous/04/result.json,
Coincidence (2-in),nervous,5,207661454,recorded,1.0,1.0,,True,False,True,171,174,1.0,1.0,65.19,False,False,population solved,tournament,175,jobs/coincidence-2-in_nervous/05/result.json,
Coincidence (2-in),nervous,6,208661457,recorded,1.0,1.0,,True,False,True,50,54,1.0,1.0,10.79,False,False,population solved,tournament,55,jobs/coincidence-2-in_nervous/06/result.json,
Coincidence (2-in),nervous,7,209661460,recorded,1.0,1.0,,True,False,True,119,122,1.0,1.0,34.37,False,False,population solved,tournament,123,jobs/coincidence-2-in_nervous/07/result.json,
Coincidence (2-in),nervous,8,210661463,recorded,1.0,1.0,,True,False,True,14,17,1.0,1.0,4.47,False,False,population solved,tournament,18,jobs/coincidence-2-in_nervous/08/result.json,
Coincidence (2-in),nervous,9,211661466,recorded,1.0,1.0,,True,False,True,11,16,1.0,1.0,4.43,False,False,population solved,tournament,17,jobs/coincidence-2-in_nervous/09/result.json,
Collision serializer (2-to-1),fnv,0,202841229,recorded,0.838269,0.8382687927107063,0.8187860786447497,False,False,False,,600,0.535787,0.5357866756012186,469.15,False,False,,tournament,601,jobs/collision-serializer-2-to-1_fnv/00/result.json,
Collision serializer (2-to-1),fnv,1,203841232,recorded,0.881579,0.881578947368421,0.8656202846499771,False,False,False,,475,0.417405,0.4174049060874018,603.05,True,False,time cap 600s,tournament,476,jobs/collision-serializer-2-to-1_fnv/01/result.json,
Collision serializer (2-to-1),fnv,2,204841235,recorded,0.838269,0.8382687927107063,0.8187860786447497,False,False,False,,600,0.370869,0.3708691580552381,394.51,False,False,,tournament,601,jobs/collision-serializer-2-to-1_fnv/02/result.json,
Collision serializer (2-to-1),fnv,3,205841238,recorded,0.838269,0.8382687927107063,0.8187860786447497,False,False,False,,295,0.442608,0.4426082018716425,604.67,True,False,time cap 600s,tournament,296,jobs/collision-serializer-2-to-1_fnv/03/result.json,
Collision serializer (2-to-1),fnv,4,206841241,recorded,0.838269,0.8382687927107063,0.8187860786447497,False,False,False,,600,0.556258,0.5562575640152005,545.39,False,False,,tournament,601,jobs/collision-serializer-2-to-1_fnv/04/result.json,
Collision serializer (2-to-1),fnv,5,207841244,recorded,0.838269,0.8382687927107063,0.8187860786447497,False,False,False,,600,0.629989,0.629989066466687,571.45,False,False,,tournament,601,jobs/collision-serializer-2-to-1_fnv/05/result.json,
Collision serializer (2-to-1),fnv,6,208841247,recorded,0.911017,0.9110169491525425,0.9033407994873585,False,False,False,,600,0.506123,0.5061226111304323,500.6,False,False,,tournament,601,jobs/collision-serializer-2-to-1_fnv/06/result.json,
Collision serializer (2-to-1),fnv,7,209841250,recorded,0.865248,0.8652482269503545,0.8475626892333726,False,False,False,,600,0.530691,0.5306908241470162,570.18,False,False,,tournament,601,jobs/collision-serializer-2-to-1_fnv/07/result.json,
Collision serializer (2-to-1),fnv,8,210841253,recorded,0.878505,0.8785046728971964,0.8749169509217865,False,False,False,,600,0.610212,0.6102116583948383,426.68,False,False,,tournament,601,jobs/collision-serializer-2-to-1_fnv/08/result.json,
Collision serializer (2-to-1),fnv,9,211841256,recorded,0.838269,0.8382687927107063,0.8187860786447497,False,False,False,,401,0.379549,0.3795486137183045,603.12,True,False,time cap 600s,tournament,402,jobs/collision-serializer-2-to-1_fnv/09/result.json,
Collision serializer (2-to-1),lut,0,203190000,recorded,0.838269,0.8382687927107063,0.8187860786447497,False,False,False,,422,0.472083,0.4720831625491317,600.65,True,False,time cap 600s,tournament,423,jobs/collision-serializer-2-to-1_lut/00/result.json,
Collision serializer (2-to-1),lut,1,204190003,recorded,0.838269,0.8382687927107063,0.8074142629692217,False,False,False,,117,0.482632,0.48263200723339916,602.36,True,False,time cap 600s,tournament,118,jobs/collision-serializer-2-to-1_lut/01/result.json,
Collision serializer (2-to-1),lut,2,205190006,recorded,0.838269,0.8382687927107063,0.2938241575922735,False,False,False,,425,0.520622,0.5206219735702977,601.45,True,False,time cap 600s,tournament,426,jobs/collision-serializer-2-to-1_lut/02/result.json,
Collision serializer (2-to-1),lut,3,206190009,recorded,0.838269,0.8382687927107063,0.6892406003527672,False,False,False,,103,0.461467,0.4614674108004729,601.41,True,False,time cap 600s,tournament,104,jobs/collision-serializer-2-to-1_lut/03/result.json,
Collision serializer (2-to-1),lut,4,207190012,recorded,0.838269,0.8382687927107063,0.8187860786447497,False,False,False,,438,0.4072,0.4071996905845918,601.4,True,False,time cap 600s,tournament,439,jobs/collision-serializer-2-to-1_lut/04/result.json,
Collision serializer (2-to-1),lut,5,208190015,recorded,0.857143,0.8571428571428571,0.8256491779163991,False,False,False,,414,0.530411,0.5304105948310248,601.68,True,False,time cap 600s,tournament,415,jobs/collision-serializer-2-to-1_lut/05/result.json,
Collision serializer (2-to-1),lut,6,209190018,recorded,0.840909,0.840909090909091,0.8236743063080864,False,False,False,,398,0.535905,0.5359046640483108,600.95,True,False,time cap 600s,tournament,399,jobs/collision-serializer-2-to-1_lut/06/result.json,
Collision serializer (2-to-1),lut,7,210190021,recorded,0.838269,0.8382687927107063,0.8187860786447497,False,False,False,,411,0.512741,0.5127408396253603,601.7,True,False,time cap 600s,tournament,412,jobs/collision-serializer-2-to-1_lut/07/result.json,
Collision serializer (2-to-1),lut,8,211190024,recorded,0.838269,0.8382687927107063,0.7912222169981842,False,False,False,,416,0.55856,0.5585597680724278,601.06,True,False,time cap 600s,tournament,417,jobs/collision-serializer-2-to-1_lut/08/result.json,
Collision serializer (2-to-1),lut,9,212190027,recorded,0.838269,0.8382687927107063,0.2938241575922735,False,False,False,,115,0.379897,0.3798970559669532,601.21,True,False,time cap 600s,tournament,116,jobs/collision-serializer-2-to-1_lut/09/result.json,
Collision serializer (2-to-1),nervous,0,203291385,recorded,0.791209,0.7912087912087912,0.780234888370731,False,False,False,,600,0.428121,0.4281211341477452,221.84,False,False,,tournament,601,jobs/collision-serializer-2-to-1_nervous/00/result.json,
Collision serializer (2-to-1),nervous,1,204291388,recorded,0.788863,0.7888631090487239,0.7704746772424446,False,False,False,,598,0.547771,0.5477711479963323,601.46,True,False,time cap 600s,tournament,599,jobs/collision-serializer-2-to-1_nervous/01/result.json,
Collision serializer (2-to-1),nervous,2,205291391,recorded,0.813853,0.8138528138528137,0.8098057836619929,False,False,False,,600,0.428972,0.42897211511469097,331.17,False,False,,tournament,601,jobs/collision-serializer-2-to-1_nervous/02/result.json,
Collision serializer (2-to-1),nervous,3,206291394,recorded,0.838852,0.8388520971302428,0.8195543701293504,False,False,False,,405,0.623254,0.6232543693343048,601.98,True,False,time cap 600s,tournament,406,jobs/collision-serializer-2-to-1_nervous/03/result.json,
Collision serializer (2-to-1),nervous,4,207291397,recorded,0.816327,0.816326530612245,0.79942467734244,False,False,False,,600,0.448757,0.4487572142359603,271.85,False,False,,tournament,601,jobs/collision-serializer-2-to-1_nervous/04/result.json,
Collision serializer (2-to-1),nervous,5,208291400,recorded,0.844444,0.8444444444444444,0.8094092365462707,False,False,False,,600,0.410598,0.4105982701269433,323.24,False,False,,tournament,601,jobs/collision-serializer-2-to-1_nervous/05/result.json,
Collision serializer (2-to-1),nervous,6,209291403,recorded,0.809955,0.8099547511312216,0.7737808244935026,False,False,False,,600,0.650818,0.6508179971628908,207.24,False,False,,tournament,601,jobs/collision-serializer-2-to-1_nervous/06/result.json,
Collision serializer (2-to-1),nervous,7,210291406,recorded,0.796499,0.7964989059080961,0.7797062515581327,False,False,False,,600,0.513036,0.5130363841619899,204.28,False,False,,tournament,601,jobs/collision-serializer-2-to-1_nervous/07/result.json,
Collision serializer (2-to-1),nervous,8,211291409,recorded,0.799127,0.7991266375545851,0.7773685994905709,False,False,False,,600,0.526904,0.5269041641540354,245.23,False,False,,tournament,601,jobs/collision-serializer-2-to-1_nervous/08/result.json,
Collision serializer (2-to-1),nervous,9,212291412,recorded,0.776942,0.7769423558897243,0.7569902104358324,False,False,False,,538,0.331397,0.33139736794580815,601.26,True,False,time cap 600s,tournament,539,jobs/collision-serializer-2-to-1_nervous/09/result.json,
Count to 4,fnv,0,203570027,recorded,0.260497,0.2604965816349357,0.2503896361437725,False,False,False,,600,0.144275,0.14427450084199514,406.14,False,False,,tournament,601,jobs/count-to-4_fnv/00/result.json,
Count to 4,fnv,1,204570030,recorded,0.205789,0.20578921034312198,0.12272412424841957,False,False,False,,300,0.130031,0.1300305838110583,601.81,True,False,time cap 600s,tournament,301,jobs/count-to-4_fnv/01/result.json,
Count to 4,fnv,2,205570033,recorded,0.241903,0.24190298229476084,0.2243788812055837,False,False,False,,600,0.110316,0.11031572313844078,469.54,False,False,,tournament,601,jobs/count-to-4_fnv/02/result.json,
Count to 4,fnv,3,206570036,recorded,0.260497,0.2604965816349357,0.2503896361437725,False,False,False,,351,0.151833,0.15183256233884795,601.02,True,False,time cap 600s,tournament,352,jobs/count-to-4_fnv/03/result.json,
Count to 4,fnv,4,207570039,recorded,0.56337,0.5633701829220932,0.4369865293717276,False,False,False,,600,0.136628,0.13662824046086047,397.83,False,False,,tournament,601,jobs/count-to-4_fnv/04/result.json,
Count to 4,fnv,5,208570042,recorded,0.205789,0.20578921034312198,0.12272412424841957,False,False,False,,600,0.125765,0.12576450584906324,506.2,False,False,,tournament,601,jobs/count-to-4_fnv/05/result.json,
Count to 4,fnv,6,209570045,recorded,0.198881,0.19888061180086114,0.2022966275897542,False,False,False,,600,0.124559,0.12455948150829073,314.64,False,False,,tournament,601,jobs/count-to-4_fnv/06/result.json,
Count to 4,fnv,7,210570048,recorded,0.187322,0.1873221329952099,0.10739935458982645,False,False,False,,600,0.101041,0.10104097627959024,409.5,False,False,,tournament,601,jobs/count-to-4_fnv/07/result.json,
Count to 4,fnv,8,211570051,recorded,0.189181,0.18918129381930288,0.12925678727564163,False,False,False,,600,0.109039,0.10903935641773774,361.19,False,False,,tournament,601,jobs/count-to-4_fnv/08/result.json,
Count to 4,fnv,9,212570054,recorded,0.198881,0.19888061180086114,0.2022966275897542,False,False,False,,313,0.124228,0.12422810572478134,601.91,True,False,time cap 600s,tournament,314,jobs/count-to-4_fnv/09/result.json,
Count to 4,lut,0,203412529,recorded,0.174076,0.1740755681910985,0.17559468980698187,False,False,False,,585,0.107798,0.1077980891565388,600.69,True,False,time cap 600s,tournament,586,jobs/count-to-4_lut/00/result.json,
Count to 4,lut,1,204412532,recorded,0.120176,0.12017647319428115,0.12025196263305649,False,False,False,,202,0.089865,0.08986534946545127,602.74,True,False,time cap 600s,tournament,203,jobs/count-to-4_lut/01/result.json,
Count to 4,lut,2,205412535,recorded,0.204367,0.2043668340596329,0.18956885303418558,False,False,False,,600,0.122358,0.12235840837956527,578.56,False,False,,tournament,601,jobs/count-to-4_lut/02/result.json,
Count to 4,lut,3,206412538,recorded,0.120176,0.12017647319428115,0.12025196263305649,False,False,False,,182,0.100789,0.10078942997098579,601.83,True,False,time cap 600s,tournament,183,jobs/count-to-4_lut/03/result.json,
Count to 4,lut,4,207412541,recorded,0.150296,0.1502962156530965,0.14621813455901198,False,False,False,,583,0.099582,0.09958183640941859,600.94,True,False,time cap 600s,tournament,584,jobs/count-to-4_lut/04/result.json,
Count to 4,lut,5,208412544,recorded,0.161225,0.16122534933227203,0.13264035508824054,False,False,False,,600,0.095562,0.0955618280831289,587.16,False,False,,tournament,601,jobs/count-to-4_lut/05/result.json,
Count to 4,lut,6,209412547,recorded,0.174076,0.1740755681910985,0.17559468980698187,False,False,False,,600,0.095719,0.09571948292934224,600.18,False,False,,tournament,601,jobs/count-to-4_lut/06/result.json,
Count to 4,lut,7,210412550,recorded,0.202633,0.20263331802855902,0.21381036744988366,False,False,False,,600,0.091551,0.09155109599106097,591.84,False,False,,tournament,601,jobs/count-to-4_lut/07/result.json,
Count to 4,lut,8,211412553,recorded,0.174076,0.1740755681910985,0.17559468980698187,False,False,False,,600,0.129718,0.1297177377783552,597.36,False,False,,tournament,601,jobs/count-to-4_lut/08/result.json,
Count to 4,lut,9,212412556,recorded,0.19754,0.19754044320407493,0.19382723606012117,False,False,False,,192,0.115802,0.11580184935800704,602.22,True,False,time cap 600s,tournament,193,jobs/count-to-4_lut/09/result.json,
Echo (delay 3),fnv,0,202942587,recorded,1.0,1.0,1.0,True,True,True,1,5,1.0,1.0,0.99,False,False,population solved,tournament,6,jobs/echo-delay-3_fnv/00/result.json,
Echo (delay 3),fnv,1,203942590,recorded,1.0,1.0,1.0,True,True,True,1,7,1.0,1.0,1.09,False,False,population solved,tournament,8,jobs/echo-delay-3_fnv/01/result.json,
Echo (delay 3),fnv,2,204942593,recorded,1.0,1.0,1.0,True,True,True,4,9,1.0,1.0,1.24,False,False,population solved,tournament,10,jobs/echo-delay-3_fnv/02/result.json,
Echo (delay 3),fnv,3,205942596,recorded,1.0,1.0,1.0,True,True,True,1,5,1.0,1.0,0.88,False,False,population solved,tournament,6,jobs/echo-delay-3_fnv/03/result.json,
Echo (delay 3),fnv,4,206942599,recorded,1.0,1.0,1.0,True,True,True,1,6,1.0,1.0,1.08,False,False,population solved,tournament,7,jobs/echo-delay-3_fnv/04/result.json,
Echo (delay 3),fnv,5,207942602,recorded,1.0,1.0,1.0,True,True,True,2,6,1.0,1.0,1.11,False,False,population solved,tournament,7,jobs/echo-delay-3_fnv/05/result.json,
Echo (delay 3),fnv,6,208942605,recorded,1.0,1.0,1.0,True,True,True,1,6,1.0,1.0,1.12,False,False,population solved,tournament,7,jobs/echo-delay-3_fnv/06/result.json,
Echo (delay 3),fnv,7,209942608,recorded,1.0,1.0,1.0,True,True,True,1,6,1.0,1.0,1.08,False,False,population solved,tournament,7,jobs/echo-delay-3_fnv/07/result.json,
Echo (delay 3),fnv,8,210942611,recorded,1.0,1.0,1.0,True,True,True,1,7,1.0,1.0,1.2,False,False,population solved,tournament,8,jobs/echo-delay-3_fnv/08/result.json,
Echo (delay 3),fnv,9,211942614,recorded,1.0,1.0,1.0,True,True,True,2,7,1.0,1.0,1.04,False,False,population solved,tournament,8,jobs/echo-delay-3_fnv/09/result.json,
Echo (delay 3),lut,0,203074951,recorded,1.0,1.0,1.0,True,True,True,16,19,1.0,1.0,24.98,False,False,population solved,tournament,20,jobs/echo-delay-3_lut/00/result.json,
Echo (delay 3),lut,1,204074954,recorded,1.0,1.0,1.0,True,True,True,34,37,1.0,1.0,18.7,False,False,population solved,tournament,38,jobs/echo-delay-3_lut/01/result.json,
Echo (delay 3),lut,2,205074957,recorded,1.0,1.0,1.0,True,True,True,2,5,1.0,1.0,3.98,False,False,population solved,tournament,6,jobs/echo-delay-3_lut/02/result.json,
Echo (delay 3),lut,3,206074960,recorded,1.0,1.0,0.3792759051186018,True,False,True,40,43,1.0,1.0,76.98,False,False,population solved,tournament,44,jobs/echo-delay-3_lut/03/result.json,
Echo (delay 3),lut,4,207074963,recorded,1.0,1.0,1.0,True,True,True,5,8,1.0,1.0,5.45,False,False,population solved,tournament,9,jobs/echo-delay-3_lut/04/result.json,
Echo (delay 3),lut,5,208074966,recorded,1.0,1.0,1.0,True,True,True,27,30,1.0,1.0,14.39,False,False,population solved,tournament,31,jobs/echo-delay-3_lut/05/result.json,
Echo (delay 3),lut,6,209074969,recorded,1.0,1.0,1.0,True,True,True,1,4,1.0,1.0,3.41,False,False,population solved,tournament,5,jobs/echo-delay-3_lut/06/result.json,
Echo (delay 3),lut,7,210074972,recorded,1.0,1.0,1.0,True,True,True,1,4,1.0,1.0,3.45,False,False,population solved,tournament,5,jobs/echo-delay-3_lut/07/result.json,
Echo (delay 3),lut,8,211074975,recorded,1.0,1.0,1.0,True,True,True,21,24,1.0,1.0,12.51,False,False,population solved,tournament,25,jobs/echo-delay-3_lut/08/result.json,
Echo (delay 3),lut,9,212074978,recorded,1.0,1.0,1.0,True,True,True,32,35,1.0,1.0,16.14,False,False,population solved,tournament,36,jobs/echo-delay-3_lut/09/result.json,
Echo (delay 3),nervous,0,202672467,recorded,1.0,1.0,1.0,True,True,True,27,30,1.0,1.0,15.96,False,False,population solved,tournament,31,jobs/echo-delay-3_nervous/00/result.json,
Echo (delay 3),nervous,1,203672470,recorded,1.0,1.0,1.0,True,True,True,2,8,1.0,1.0,2.74,False,False,population solved,tournament,9,jobs/echo-delay-3_nervous/01/result.json,
Echo (delay 3),nervous,2,204672473,recorded,1.0,1.0,1.0,True,True,True,49,52,1.0,1.0,10.24,False,False,population solved,tournament,53,jobs/echo-delay-3_nervous/02/result.json,
Echo (delay 3),nervous,3,205672476,recorded,1.0,1.0,1.0,True,True,True,31,35,1.0,1.0,8.53,False,False,population solved,tournament,36,jobs/echo-delay-3_nervous/03/result.json,
Echo (delay 3),nervous,4,206672479,recorded,1.0,1.0,1.0,True,True,True,13,17,1.0,1.0,4.33,False,False,population solved,tournament,18,jobs/echo-delay-3_nervous/04/result.json,
Echo (delay 3),nervous,5,207672482,recorded,1.0,1.0,1.0,True,True,True,17,22,1.0,1.0,7.54,False,False,population solved,tournament,23,jobs/echo-delay-3_nervous/05/result.json,
Echo (delay 3),nervous,6,208672485,recorded,1.0,1.0,1.0,True,True,True,1,6,1.0,1.0,1.99,False,False,population solved,tournament,7,jobs/echo-delay-3_nervous/06/result.json,
Echo (delay 3),nervous,7,209672488,recorded,1.0,1.0,1.0,True,True,True,30,34,1.0,1.0,5.73,False,False,population solved,tournament,35,jobs/echo-delay-3_nervous/07/result.json,
Echo (delay 3),nervous,8,210672491,recorded,1.0,1.0,1.0,True,True,True,7,12,1.0,1.0,2.76,False,False,population solved,tournament,13,jobs/echo-delay-3_nervous/08/result.json,
Echo (delay 3),nervous,9,211672494,recorded,1.0,1.0,1.0,True,True,True,5,9,1.0,1.0,2.67,False,False,population solved,tournament,10,jobs/echo-delay-3_nervous/09/result.json,
Full adder (temporal),fnv,0,202634586,recorded,0.847222,0.8472222222222223,0.8472222222222223,False,False,False,,471,0.471697,0.47169690213168475,600.85,True,False,time cap 600s,lexicase,472,jobs/full-adder-temporal_fnv/00/result.json,
Full adder (temporal),fnv,1,203634589,recorded,0.791667,0.7916666666666666,0.7916666666666666,False,False,False,,316,0.254272,0.2542719393422718,603.11,True,False,time cap 600s,lexicase,317,jobs/full-adder-temporal_fnv/01/result.json,
Full adder (temporal),fnv,2,204634592,recorded,0.808333,0.8083333333333335,0.8083333333333335,False,False,False,,461,0.46839,0.4683898277648278,601.84,True,False,time cap 600s,lexicase,462,jobs/full-adder-temporal_fnv/02/result.json,
Full adder (temporal),fnv,3,205634595,recorded,0.85,0.8500000000000001,0.8500000000000001,False,False,False,,442,0.443032,0.44303153885874474,602.37,True,False,time cap 600s,lexicase,443,jobs/full-adder-temporal_fnv/03/result.json,
Full adder (temporal),fnv,4,206634598,recorded,0.842907,0.8429067460317459,0.7884093915343916,False,False,False,,447,0.52843,0.5284295076972773,602.12,True,False,time cap 600s,lexicase,448,jobs/full-adder-temporal_fnv/04/result.json,
Full adder (temporal),fnv,5,207634601,recorded,0.85,0.8500000000000001,0.8500000000000001,False,False,False,,600,0.48372,0.48372043851210517,418.47,False,False,,lexicase,601,jobs/full-adder-temporal_fnv/05/result.json,
Full adder (temporal),fnv,6,208634604,recorded,0.83125,0.83125,0.7616898148148149,False,False,False,,530,0.533925,0.5339251893939394,601.18,True,False,time cap 600s,lexicase,531,jobs/full-adder-temporal_fnv/06/result.json,
Full adder (temporal),fnv,7,209634607,recorded,0.791667,0.7916666666666666,0.7916666666666666,False,False,False,,480,0.375305,0.3753045019061643,601.52,True,False,time cap 600s,lexicase,481,jobs/full-adder-temporal_fnv/07/result.json,
Full adder (temporal),fnv,8,210634610,recorded,0.8125,0.8125,0.8125,False,False,False,,377,0.405169,0.40516863657488655,601.59,True,False,time cap 600s,lexicase,378,jobs/full-adder-temporal_fnv/08/result.json,
Full adder (temporal),fnv,9,211634613,recorded,0.812847,0.8128472222222223,0.7809027777777778,False,False,False,,263,0.334499,0.3344988017383851,604.45,True,False,time cap 600s,lexicase,264,jobs/full-adder-temporal_fnv/09/result.json,
Full adder (temporal),lut,0,202771919,recorded,0.875,0.875,0.38793280357846766,False,False,False,,272,0.511233,0.5112330618859712,602.09,True,False,time cap 600s,lexicase,273,jobs/full-adder-temporal_lut/00/result.json,
Full adder (temporal),lut,1,203771922,recorded,0.804545,0.8045454545454547,0.8045454545454547,False,False,False,,69,0.353171,0.3531714810456831,604.66,True,False,time cap 600s,lexicase,70,jobs/full-adder-temporal_lut/01/result.json,
Full adder (temporal),lut,2,204771925,recorded,0.875,0.875,0.875,False,False,False,,239,0.502866,0.5028664301133053,600.98,True,False,time cap 600s,lexicase,240,jobs/full-adder-temporal_lut/02/result.json,
Full adder (temporal),lut,3,205771928,recorded,0.875,0.875,0.875,False,False,False,,209,0.430328,0.43032789010898737,602.57,True,False,time cap 600s,lexicase,210,jobs/full-adder-temporal_lut/03/result.json,
Full adder (temporal),lut,4,206771931,recorded,0.875,0.875,0.875,False,False,False,,244,0.376108,0.37610822852670683,602.81,True,False,time cap 600s,lexicase,245,jobs/full-adder-temporal_lut/04/result.json,
Full adder (temporal),lut,5,207771934,recorded,0.804545,0.8045454545454547,0.8045454545454547,False,False,False,,225,0.374535,0.37453475586686374,601.61,True,False,time cap 600s,lexicase,226,jobs/full-adder-temporal_lut/05/result.json,
Full adder (temporal),lut,6,208771937,recorded,0.791667,0.7916666666666666,0.2965916455352812,False,False,False,,242,0.402379,0.4023786239715873,601.58,True,False,time cap 600s,lexicase,243,jobs/full-adder-temporal_lut/06/result.json,
Full adder (temporal),lut,7,209771940,recorded,0.875,0.875,0.5155862481127502,False,False,False,,251,0.397135,0.3971354951256512,601.91,True,False,time cap 600s,lexicase,252,jobs/full-adder-temporal_lut/07/result.json,
Full adder (temporal),lut,8,210771943,recorded,0.835859,0.8358585858585859,0.835858585858586,False,False,False,,249,0.367185,0.3671851497149878,602.81,True,False,time cap 600s,lexicase,250,jobs/full-adder-temporal_lut/08/result.json,
Full adder (temporal),lut,9,211771946,recorded,0.829167,0.8291666666666668,0.8291666666666669,False,False,False,,66,0.626855,0.626855420545638,609.09,True,False,time cap 600s,lexicase,67,jobs/full-adder-temporal_lut/09/result.json,
Full adder (temporal),nervous,0,203581294,recorded,0.835859,0.8358585858585859,0.835858585858586,False,False,False,,600,0.47924,0.4792399071989865,257.7,False,False,,lexicase,601,jobs/full-adder-temporal_nervous/00/result.json,
Full adder (temporal),nervous,1,204581297,recorded,0.863636,0.8636363636363638,0.8636363636363638,False,False,False,,600,0.357809,0.3578089277771908,459.3,False,False,,lexicase,601,jobs/full-adder-temporal_nervous/01/result.json,
Full adder (temporal),nervous,2,205581300,recorded,0.847222,0.8472222222222223,0.8472222222222223,False,False,False,,600,0.507285,0.50728512258667,415.81,False,False,,lexicase,601,jobs/full-adder-temporal_nervous/02/result.json,
Full adder (temporal),nervous,3,206581303,recorded,0.82,0.8200000000000001,0.82,False,False,False,,306,0.548929,0.5489292672885304,602.16,True,False,time cap 600s,lexicase,307,jobs/full-adder-temporal_nervous/03/result.json,
Full adder (temporal),nervous,4,207581306,recorded,0.847222,0.8472222222222223,0.8472222222222223,False,False,False,,600,0.440062,0.44006177711190164,383.81,False,False,,lexicase,601,jobs/full-adder-temporal_nervous/04/result.json,
Full adder (temporal),nervous,5,208581309,recorded,0.808333,0.8083333333333335,0.8083333333333335,False,False,False,,600,0.435554,0.4355535524326742,306.83,False,False,,lexicase,601,jobs/full-adder-temporal_nervous/05/result.json,
Full adder (temporal),nervous,6,209581312,recorded,0.863636,0.8636363636363638,0.8636363636363638,False,False,False,,600,0.353009,0.35300892034268755,334.44,False,False,,lexicase,601,jobs/full-adder-temporal_nervous/06/result.json,
Full adder (temporal),nervous,7,210581315,recorded,0.863636,0.8636363636363638,0.8636363636363638,False,False,False,,600,0.450365,0.4503645025189315,365.49,False,False,,lexicase,601,jobs/full-adder-temporal_nervous/07/result.json,
Full adder (temporal),nervous,8,211581318,recorded,0.875,0.875,0.875,False,False,False,,600,0.435318,0.43531827424243436,339.33,False,False,,lexicase,601,jobs/full-adder-temporal_nervous/08/result.json,
Full adder (temporal),nervous,9,212581321,recorded,0.847222,0.8472222222222223,0.8472222222222223,False,False,False,,312,0.477841,0.47784119122106844,602.11,True,False,time cap 600s,lexicase,313,jobs/full-adder-temporal_nervous/09/result.json,
Full adder,fnv,0,203365336,recorded,0.90625,0.90625,0.90625,False,False,False,,495,0.672917,0.6729166666666667,600.75,True,False,time cap 600s,lexicase,496,jobs/full-adder_fnv/00/result.json,
Full adder,fnv,1,204365339,recorded,0.90625,0.90625,0.90625,False,False,False,,279,0.667708,0.6677083333333333,603.07,True,False,time cap 600s,lexicase,280,jobs/full-adder_fnv/01/result.json,
Full adder,fnv,2,205365342,recorded,0.90625,0.90625,0.90625,False,False,False,,543,0.686458,0.6864583333333333,600.63,True,False,time cap 600s,lexicase,544,jobs/full-adder_fnv/02/result.json,
Full adder,fnv,3,206365345,recorded,0.8125,0.8125,0.8125,False,False,False,,280,0.655729,0.6557291666666667,601.38,True,False,time cap 600s,lexicase,281,jobs/full-adder_fnv/03/result.json,
Full adder,fnv,4,207365348,recorded,0.90625,0.90625,0.90625,False,False,False,,545,0.69375,0.69375,600.6,True,False,time cap 600s,lexicase,546,jobs/full-adder_fnv/04/result.json,
Full adder,fnv,5,208365351,recorded,1.0,1.0,1.0,True,True,True,249,252,1.0,1.0,161.96,False,False,population solved,lexicase,253,jobs/full-adder_fnv/05/result.json,
Full adder,fnv,6,209365354,recorded,0.8125,0.8125,0.8125,False,False,False,,499,0.671875,0.671875,601.79,True,False,time cap 600s,lexicase,500,jobs/full-adder_fnv/06/result.json,
Full adder,fnv,7,210365357,recorded,1.0,1.0,1.0,True,True,True,185,188,1.0,1.0,115.64,False,False,population solved,lexicase,189,jobs/full-adder_fnv/07/result.json,
Full adder,fnv,8,211365360,recorded,0.8125,0.8125,0.8125,False,False,False,,454,0.651042,0.6510416666666666,600.41,True,False,time cap 600s,lexicase,455,jobs/full-adder_fnv/08/result.json,
Full adder,fnv,9,212365363,recorded,0.90625,0.90625,0.90625,False,False,False,,239,0.704167,0.7041666666666667,600.79,True,False,time cap 600s,lexicase,240,jobs/full-adder_fnv/09/result.json,
Full adder,lut,0,203442666,recorded,0.8125,0.8125,0.8125,False,False,False,,457,0.638021,0.6380208333333334,601.89,True,False,time cap 600s,lexicase,458,jobs/full-adder_lut/00/result.json,
Full adder,lut,1,204442669,recorded,0.8125,0.8125,0.78125,False,False,False,,232,0.651302,0.6513020833333333,603.26,True,False,time cap 600s,lexicase,233,jobs/full-adder_lut/01/result.json,
Full adder,lut,2,205442672,recorded,0.8125,0.8125,0.625,False,False,False,,476,0.58776,0.5877604166666667,600.81,True,False,time cap 600s,lexicase,477,jobs/full-adder_lut/02/result.json,
Full adder,lut,3,206442675,recorded,0.8125,0.8125,0.8125,False,False,False,,138,0.567708,0.5677083333333334,601.25,True,False,time cap 600s,lexicase,139,jobs/full-adder_lut/03/result.json,
Full adder,lut,4,207442678,recorded,0.8125,0.8125,0.71875,False,False,False,,422,0.634115,0.6341145833333334,601.94,True,False,time cap 600s,lexicase,423,jobs/full-adder_lut/04/result.json,
Full adder,lut,5,208442681,recorded,0.8125,0.8125,0.8125,False,False,False,,422,0.604883,0.6048828125,602.22,True,False,time cap 600s,lexicase,423,jobs/full-adder_lut/05/result.json,
Full adder,lut,6,209442684,recorded,0.8125,0.8125,0.65625,False,False,False,,395,0.617839,0.6178385416666666,602.09,True,False,time cap 600s,lexicase,396,jobs/full-adder_lut/06/result.json,
Full adder,lut,7,210442687,recorded,0.859375,0.859375,0.5572916666666666,False,False,False,,382,0.632878,0.6328776041666667,602.45,True,False,time cap 600s,lexicase,383,jobs/full-adder_lut/07/result.json,
Full adder,lut,8,211442690,recorded,0.8125,0.8125,0.71875,False,False,False,,486,0.647917,0.6479166666666667,601.01,True,False,time cap 600s,lexicase,487,jobs/full-adder_lut/08/result.json,
Full adder,lut,9,212442693,recorded,0.8125,0.8125,0.8125,False,False,False,,125,0.623828,0.623828125,601.33,True,False,time cap 600s,lexicase,126,jobs/full-adder_lut/09/result.json,
Gap band-pass (A->B gap 2-4),fnv,0,203532699,recorded,0.909091,0.9090909090909091,0.9041807417093458,False,False,False,,600,0.306466,0.30646594965378865,343.67,False,False,,tournament,601,jobs/gap-band-pass-a-b-gap-2-4_fnv/00/result.json,
Gap band-pass (A->B gap 2-4),fnv,1,204532702,recorded,0.909091,0.9090909090909091,0.9041807417093458,False,False,False,,403,0.362241,0.362240600168463,601.27,True,False,time cap 600s,tournament,404,jobs/gap-band-pass-a-b-gap-2-4_fnv/01/result.json,
Gap band-pass (A->B gap 2-4),fnv,2,205532705,recorded,0.823529,0.8235294117647058,0.7819723248665623,False,False,False,,600,0.220378,0.22037805787343887,524.41,False,False,,tournament,601,jobs/gap-band-pass-a-b-gap-2-4_fnv/02/result.json,
Gap band-pass (A->B gap 2-4),fnv,3,206532708,recorded,1.0,1.0,1.0,True,True,True,284,289,1.0,1.0,132.62,False,False,population solved,tournament,290,jobs/gap-band-pass-a-b-gap-2-4_fnv/03/result.json,
Gap band-pass (A->B gap 2-4),fnv,4,207532711,recorded,1.0,1.0,1.0,True,True,True,93,97,1.0,1.0,24.49,False,False,population solved,tournament,98,jobs/gap-band-pass-a-b-gap-2-4_fnv/04/result.json,
Gap band-pass (A->B gap 2-4),fnv,5,208532714,recorded,0.909091,0.9090909090909091,0.9041807417093458,False,False,False,,600,0.350466,0.35046641434330383,471.67,False,False,,tournament,601,jobs/gap-band-pass-a-b-gap-2-4_fnv/05/result.json,
Gap band-pass (A->B gap 2-4),fnv,6,209532717,recorded,0.909091,0.9090909090909091,0.9041807417093458,False,False,False,,600,0.314856,0.31485568245732837,439.48,False,False,,tournament,601,jobs/gap-band-pass-a-b-gap-2-4_fnv/06/result.json,
Gap band-pass (A->B gap 2-4),fnv,7,210532720,recorded,0.909091,0.9090909090909091,0.9041807417093458,False,False,False,,600,0.346176,0.34617596454607696,468.47,False,False,,tournament,601,jobs/gap-band-pass-a-b-gap-2-4_fnv/07/result.json,
Gap band-pass (A->B gap 2-4),fnv,8,211532723,recorded,0.909091,0.9090909090909091,0.9041807417093458,False,False,False,,600,0.337738,0.33773811073086635,599.02,False,False,,tournament,601,jobs/gap-band-pass-a-b-gap-2-4_fnv/08/result.json,
Gap band-pass (A->B gap 2-4),fnv,9,212532726,recorded,0.909091,0.9090909090909091,0.9041807417093458,False,False,False,,327,0.371597,0.37159700991426214,603.56,True,False,time cap 600s,tournament,328,jobs/gap-band-pass-a-b-gap-2-4_fnv/09/result.json,
Gap band-pass (A->B gap 2-4),lut,0,202793781,recorded,0.592593,0.5925925925925926,0.564768345075124,False,False,False,,463,0.157444,0.1574440576045335,600.72,True,False,time cap 600s,tournament,464,jobs/gap-band-pass-a-b-gap-2-4_lut/00/result.json,
Gap band-pass (A->B gap 2-4),lut,1,203793784,recorded,0.592593,0.5925925925925926,0.564768345075124,False,False,False,,124,0.138398,0.1383979580255185,602.6,True,False,time cap 600s,tournament,125,jobs/gap-band-pass-a-b-gap-2-4_lut/01/result.json,
Gap band-pass (A->B gap 2-4),lut,2,204793787,recorded,0.592593,0.5925925925925926,0.564768345075124,False,False,False,,424,0.169053,0.16905332907507417,601.59,True,False,time cap 600s,tournament,425,jobs/gap-band-pass-a-b-gap-2-4_lut/02/result.json,
Gap band-pass (A->B gap 2-4),lut,3,205793790,recorded,0.598291,0.5982905982905983,0.5931936219017558,False,False,False,,449,0.243764,0.24376353920102425,601.79,True,False,time cap 600s,tournament,450,jobs/gap-band-pass-a-b-gap-2-4_lut/03/result.json,
Gap band-pass (A->B gap 2-4),lut,4,206793793,recorded,0.720721,0.7207207207207207,0.6774725274725274,False,False,False,,433,0.303099,0.30309899370771615,601.44,True,False,time cap 600s,tournament,434,jobs/gap-band-pass-a-b-gap-2-4_lut/04/result.json,
Gap band-pass (A->B gap 2-4),lut,5,207793796,recorded,0.592593,0.5925925925925926,0.564768345075124,False,False,False,,398,0.197527,0.19752695920008892,600.71,True,False,time cap 600s,tournament,399,jobs/gap-band-pass-a-b-gap-2-4_lut/05/result.json,
Gap band-pass (A->B gap 2-4),lut,6,208793799,recorded,0.650407,0.6504065040650406,0.6069304221729732,False,False,False,,458,0.263154,0.2631543076251285,601.38,True,False,time cap 600s,tournament,459,jobs/gap-band-pass-a-b-gap-2-4_lut/06/result.json,
Gap band-pass (A->B gap 2-4),lut,7,209793802,recorded,0.592593,0.5925925925925926,0.564768345075124,False,False,False,,438,0.275373,0.2753727948042904,601.96,True,False,time cap 600s,tournament,439,jobs/gap-band-pass-a-b-gap-2-4_lut/07/result.json,
Gap band-pass (A->B gap 2-4),lut,8,210793805,recorded,0.650407,0.6504065040650406,0.6069304221729732,False,False,False,,473,0.143363,0.14336331110816722,600.85,True,False,time cap 600s,tournament,474,jobs/gap-band-pass-a-b-gap-2-4_lut/08/result.json,
Gap band-pass (A->B gap 2-4),lut,9,211793808,recorded,0.57554,0.5755395683453237,0.5484443552879177,False,False,False,,122,0.138268,0.13826773864106554,604.21,True,False,time cap 600s,tournament,123,jobs/gap-band-pass-a-b-gap-2-4_lut/09/result.json,
Gap band-pass (A->B gap 2-4),nervous,0,203225863,recorded,0.823529,0.8235294117647058,0.7778760627057841,False,False,False,,600,0.407403,0.4074030980120972,223.29,False,False,,tournament,601,jobs/gap-band-pass-a-b-gap-2-4_nervous/00/result.json,
Gap band-pass (A->B gap 2-4),nervous,1,204225866,recorded,0.57554,0.5755395683453237,0.5484443552879177,False,False,False,,600,0.254434,0.2544338076854471,596.39,False,False,,tournament,601,jobs/gap-band-pass-a-b-gap-2-4_nervous/01/result.json,
Gap band-pass (A->B gap 2-4),nervous,2,205225869,recorded,0.592593,0.5925925925925926,0.564768345075124,False,False,False,,600,0.278374,0.27837400332279827,295.69,False,False,,tournament,601,jobs/gap-band-pass-a-b-gap-2-4_nervous/02/result.json,
Gap band-pass (A->B gap 2-4),nervous,3,206225872,recorded,0.580153,0.5801526717557252,0.5418914418914419,False,False,False,,600,0.207632,0.2076321267543554,221.26,False,False,,tournament,601,jobs/gap-band-pass-a-b-gap-2-4_nervous/03/result.json,
Gap band-pass (A->B gap 2-4),nervous,4,207225875,recorded,0.678571,0.6785714285714285,0.5408117945635477,False,False,False,,600,0.370742,0.3707419649591641,371.36,False,False,,tournament,601,jobs/gap-band-pass-a-b-gap-2-4_nervous/04/result.json,
Gap band-pass (A->B gap 2-4),nervous,5,208225878,recorded,0.57554,0.5755395683453237,0.5484443552879177,False,False,False,,600,0.228517,0.22851717124242815,287.49,False,False,,tournament,601,jobs/gap-band-pass-a-b-gap-2-4_nervous/05/result.json,
Gap band-pass (A->B gap 2-4),nervous,6,209225881,recorded,0.823529,0.8235294117647058,0.7819723248665623,False,False,False,,600,0.253135,0.25313492999751425,307.61,False,False,,tournament,601,jobs/gap-band-pass-a-b-gap-2-4_nervous/06/result.json,
Gap band-pass (A->B gap 2-4),nervous,7,210225884,recorded,0.592593,0.5925925925925926,0.564768345075124,False,False,False,,600,0.223792,0.22379179539510266,186.65,False,False,,tournament,601,jobs/gap-band-pass-a-b-gap-2-4_nervous/07/result.json,
Gap band-pass (A->B gap 2-4),nervous,8,211225887,recorded,0.592593,0.5925925925925926,0.564768345075124,False,False,False,,600,0.269744,0.2697437365978494,271.54,False,False,,tournament,601,jobs/gap-band-pass-a-b-gap-2-4_nervous/08/result.json,
Gap band-pass (A->B gap 2-4),nervous,9,212225890,recorded,0.592593,0.5925925925925926,0.564768345075124,False,False,False,,600,0.266242,0.2662420496141256,488.47,False,False,,tournament,601,jobs/gap-band-pass-a-b-gap-2-4_nervous/09/result.json,
Gated D latch,fnv,0,202839741,recorded,0.795168,0.7951680672268908,0.7951680672268907,False,False,False,,600,0.392136,0.39213606069939516,364.24,False,False,,tournament,601,jobs/gated-d-latch_fnv/00/result.json,
Gated D latch,fnv,1,203839744,recorded,0.795168,0.7951680672268908,0.7951680672268907,False,False,False,,355,0.356532,0.35653161568371566,603.8,True,False,time cap 600s,tournament,356,jobs/gated-d-latch_fnv/01/result.json,
Gated D latch,fnv,2,204839747,recorded,0.795168,0.7951680672268908,0.7498511904761905,False,False,False,,600,0.195527,0.195527351684721,439.88,False,False,,tournament,601,jobs/gated-d-latch_fnv/02/result.json,
Gated D latch,fnv,3,205839750,recorded,0.799107,0.7991071428571429,0.7991071428571429,False,False,False,,600,0.298852,0.29885205510985086,461.32,False,False,,tournament,601,jobs/gated-d-latch_fnv/03/result.json,
Gated D latch,fnv,4,206839753,recorded,0.795168,0.7951680672268908,0.7951680672268907,False,False,False,,600,0.238781,0.23878136790245905,403.37,False,False,,tournament,601,jobs/gated-d-latch_fnv/04/result.json,
Gated D latch,fnv,5,207839756,recorded,0.799107,0.7991071428571429,0.7602684728956532,False,False,False,,600,0.361308,0.36130805926984866,546.79,False,False,,tournament,601,jobs/gated-d-latch_fnv/05/result.json,
Gated D latch,fnv,6,208839759,recorded,0.795168,0.7951680672268908,0.7951680672268907,False,False,False,,600,0.338709,0.3387094221691084,558.57,False,False,,tournament,601,jobs/gated-d-latch_fnv/06/result.json,
Gated D latch,fnv,7,209839762,recorded,0.795168,0.7951680672268908,0.7498511904761905,False,False,False,,600,0.398901,0.3989008097758001,529.6,False,False,,tournament,601,jobs/gated-d-latch_fnv/07/result.json,
Gated D latch,fnv,8,210839765,recorded,0.799107,0.7991071428571429,0.7461309523809524,False,False,False,,600,0.355648,0.35564824355223207,429.78,False,False,,tournament,601,jobs/gated-d-latch_fnv/08/result.json,
Gated D latch,fnv,9,211839768,recorded,0.788534,0.7885338345864661,0.7874177631578947,False,False,False,,325,0.405781,0.4057812613296277,600.88,True,False,time cap 600s,tournament,326,jobs/gated-d-latch_fnv/09/result.json,
Gated D latch,lut,0,202895220,recorded,0.3571,0.35709976424124157,0.29467674501480917,False,False,False,,562,0.184108,0.18410767184807839,600.68,True,False,time cap 600s,tournament,563,jobs/gated-d-latch_lut/00/result.json,
Gated D latch,lut,1,203895223,recorded,0.3571,0.35709976424124157,0.29429557588192023,False,False,False,,172,0.177916,0.17791574701174567,604.27,True,False,time cap 600s,tournament,173,jobs/gated-d-latch_lut/01/result.json,
Gated D latch,lut,2,204895226,recorded,1.0,1.0,0.32437013093600026,True,False,True,100,103,1.0,1.0,108.85,False,False,population solved,tournament,104,jobs/gated-d-latch_lut/02/result.json,
Gated D latch,lut,3,205895229,recorded,0.357165,0.3571648942747283,0.2615665985125823,False,False,False,,600,0.134679,0.13467869395962176,600.31,False,False,,tournament,601,jobs/gated-d-latch_lut/03/result.json,
Gated D latch,lut,4,206895232,recorded,1.0,1.0,1.0,True,True,True,478,481,1.0,1.0,512.41,False,False,population solved,tournament,482,jobs/gated-d-latch_lut/04/result.json,
Gated D latch,lut,5,207895235,recorded,0.395018,0.39501818188615057,0.2501139565358759,False,False,False,,319,0.186317,0.1863170649061691,608.92,True,False,time cap 600s,tournament,320,jobs/gated-d-latch_lut/05/result.json,
Gated D latch,lut,6,208895238,recorded,0.388099,0.38809851817154195,0.26380539302669187,False,False,False,,600,0.199141,0.1991405615997411,597.26,False,False,,tournament,601,jobs/gated-d-latch_lut/06/result.json,
Gated D latch,lut,7,209895241,recorded,0.35911,0.35911046534682667,0.2897840299884619,False,False,False,,564,0.178609,0.17860917785684702,600.61,True,False,time cap 600s,tournament,565,jobs/gated-d-latch_lut/07/result.json,
Gated D latch,lut,8,210895244,recorded,0.3571,0.35709976424124157,0.29467674501480917,False,False,False,,564,0.195987,0.1959866217645495,601.18,True,False,time cap 600s,tournament,565,jobs/gated-d-latch_lut/08/result.json,
Gated D latch,lut,9,211895247,recorded,0.357745,0.3577450234797671,0.2738987895885743,False,False,False,,152,0.17923,0.17923047094851352,604.08,True,False,time cap 600s,tournament,153,jobs/gated-d-latch_lut/09/result.json,
Gated oscillator,fnv,0,202792894,recorded,0.892157,0.892156862745098,0.7851723468888369,False,False,False,,600,0.377884,0.37788402017593814,394.0,False,False,,tournament,601,jobs/gated-oscillator_fnv/00/result.json,
Gated oscillator,fnv,1,203792897,recorded,0.658385,0.6583850931677019,0.6463659857524887,False,False,False,,373,0.259385,0.2593850935975281,600.7,True,False,time cap 600s,tournament,374,jobs/gated-oscillator_fnv/01/result.json,
Gated oscillator,fnv,2,204792900,recorded,0.841584,0.8415841584158417,0.6718017785897766,False,False,False,,600,0.301476,0.301475743354998,378.81,False,False,,tournament,601,jobs/gated-oscillator_fnv/02/result.json,
Gated oscillator,fnv,3,205792903,recorded,0.658385,0.6583850931677019,0.6463659857524887,False,False,False,,600,0.265755,0.26575501380699623,362.62,False,False,,tournament,601,jobs/gated-oscillator_fnv/03/result.json,
Gated oscillator,fnv,4,206792906,recorded,0.521739,0.5217391304347827,0.5626499443289007,False,False,False,,600,0.157392,0.15739216701173223,453.93,False,False,,tournament,601,jobs/gated-oscillator_fnv/04/result.json,
Gated oscillator,fnv,5,207792909,recorded,0.770563,0.7705627705627707,0.6130002016940644,False,False,False,,483,0.381092,0.3810917159304257,601.31,True,False,time cap 600s,tournament,484,jobs/gated-oscillator_fnv/05/result.json,
Gated oscillator,fnv,6,208792912,recorded,0.858537,0.8585365853658536,0.7249158249158248,False,False,False,,600,0.270671,0.27067104684125964,357.84,False,False,,tournament,601,jobs/gated-oscillator_fnv/06/result.json,
Gated oscillator,fnv,7,209792915,recorded,0.903553,0.9035532994923858,0.8311807142252686,False,False,False,,600,0.299836,0.29983585132957297,286.63,False,False,,tournament,601,jobs/gated-oscillator_fnv/07/result.json,
Gated oscillator,fnv,8,210792918,recorded,0.521739,0.5217391304347827,0.5626499443289007,False,False,False,,600,0.230293,0.2302932761831306,340.55,False,False,,tournament,601,jobs/gated-oscillator_fnv/08/result.json,
Gated oscillator,fnv,9,211792921,recorded,0.670391,0.6703910614525139,0.7034208304433777,False,False,False,,414,0.303128,0.303128171716929,602.33,True,False,time cap 600s,tournament,415,jobs/gated-oscillator_fnv/09/result.json,
Gated oscillator,lut,0,203153601,recorded,0.894737,0.8947368421052632,0.809363523712966,False,False,False,,600,0.606206,0.6062064144348585,476.61,False,False,,tournament,601,jobs/gated-oscillator_lut/00/result.json,
Gated oscillator,lut,1,204153604,recorded,0.902655,0.9026548672566371,0.8918986589316956,False,False,False,,261,0.220561,0.22056124019252454,602.79,True,False,time cap 600s,tournament,262,jobs/gated-oscillator_lut/01/result.json,
Gated oscillator,lut,2,205153607,recorded,0.836066,0.8360655737704917,0.7240022585466303,False,False,False,,600,0.364892,0.3648919632286681,527.64,False,False,,tournament,601,jobs/gated-oscillator_lut/02/result.json,
Gated oscillator,lut,3,206153610,recorded,0.842975,0.8429752066115703,0.732406124392187,False,False,False,,600,0.313315,0.31331526383970165,454.58,False,False,,tournament,601,jobs/gated-oscillator_lut/03/result.json,
Gated oscillator,lut,4,207153613,recorded,0.894737,0.8947368421052632,0.7930944466582263,False,False,False,,600,0.387978,0.3879782024124015,487.65,False,False,,tournament,601,jobs/gated-oscillator_lut/04/result.json,
Gated oscillator,lut,5,208153616,recorded,0.836066,0.8360655737704917,0.5683613219845104,False,False,False,,237,0.426959,0.42695898412808136,601.8,True,False,time cap 600s,tournament,238,jobs/gated-oscillator_lut/05/result.json,
Gated oscillator,lut,6,209153619,recorded,0.836066,0.8360655737704917,0.5649432715783427,False,False,False,,600,0.346894,0.34689415847378524,533.47,False,False,,tournament,601,jobs/gated-oscillator_lut/06/result.json,
Gated oscillator,lut,7,210153622,recorded,0.884956,0.8849557522123893,0.4894978596392246,False,False,False,,600,0.268096,0.2680958755408398,507.13,False,False,,tournament,601,jobs/gated-oscillator_lut/07/result.json,
Gated oscillator,lut,8,211153625,recorded,0.836066,0.8360655737704917,0.737509684055247,False,False,False,,600,0.539797,0.5397965705749709,554.54,False,False,,tournament,601,jobs/gated-oscillator_lut/08/result.json,
Gated oscillator,lut,9,212153628,recorded,0.836066,0.8360655737704917,0.737509684055247,False,False,False,,240,0.330483,0.33048319853512104,600.99,True,False,time cap 600s,tournament,241,jobs/gated-oscillator_lut/09/result.json,
Gated oscillator,nervous,0,203525843,recorded,0.894515,0.8945147679324895,0.8899716790773118,False,False,False,,600,0.656211,0.656210690426811,213.98,False,False,,tournament,601,jobs/gated-oscillator_nervous/00/result.json,
Gated oscillator,nervous,1,204525846,recorded,0.829268,0.8292682926829269,0.6637102194120459,False,False,False,,411,0.39506,0.39505974172339103,601.75,True,False,time cap 600s,tournament,412,jobs/gated-oscillator_nervous/01/result.json,
Gated oscillator,nervous,2,205525849,recorded,0.909091,0.9090909090909091,0.9361693344038448,False,False,False,,600,0.320552,0.32055247205703097,242.64,False,False,,tournament,601,jobs/gated-oscillator_nervous/02/result.json,
Gated oscillator,nervous,3,206525852,recorded,0.851406,0.8514056224899599,0.7224129602542573,False,False,False,,600,0.289699,0.28969854910743925,274.19,False,False,,tournament,601,jobs/gated-oscillator_nervous/03/result.json,
Gated oscillator,nervous,4,207525855,recorded,0.867769,0.8677685950413223,0.7267279530786133,False,False,False,,600,0.589968,0.5899680953481641,369.99,False,False,,tournament,601,jobs/gated-oscillator_nervous/04/result.json,
Gated oscillator,nervous,5,208525858,recorded,0.892308,0.8923076923076924,0.9278965599617773,False,False,False,,454,0.255267,0.25526700590947526,601.02,True,False,time cap 600s,tournament,455,jobs/gated-oscillator_nervous/05/result.json,
Gated oscillator,nervous,6,209525861,recorded,0.798507,0.7985074626865671,0.6511230105607616,False,False,False,,600,0.60488,0.6048800416438124,390.33,False,False,,tournament,601,jobs/gated-oscillator_nervous/06/result.json,
Gated oscillator,nervous,7,210525864,recorded,0.976526,0.9765258215962442,0.9581673525377229,False,False,False,,600,0.349258,0.34925805644803626,315.29,False,False,,tournament,601,jobs/gated-oscillator_nervous/07/result.json,
Gated oscillator,nervous,8,211525867,recorded,0.854839,0.8548387096774194,0.734840093669181,False,False,False,,600,0.279646,0.2796459837098715,258.87,False,False,,tournament,601,jobs/gated-oscillator_nervous/08/result.json,
Gated oscillator,nervous,9,212525870,recorded,0.905473,0.9054726368159204,0.9237473793040687,False,False,False,,540,0.325924,0.32592394565984784,600.54,True,False,time cap 600s,tournament,541,jobs/gated-oscillator_nervous/09/result.json,
Half adder (temporal),fnv,0,203176391,recorded,0.75,0.75,0.75,False,False,False,,404,0.221339,0.2213392857142857,609.43,True,False,time cap 600s,lexicase,405,jobs/half-adder-temporal_fnv/00/result.json,
Half adder (temporal),fnv,1,204176394,recorded,0.75,0.75,0.75,False,False,False,,484,0.37626,0.37625985125985123,600.49,True,False,time cap 600s,lexicase,485,jobs/half-adder-temporal_fnv/01/result.json,
Half adder (temporal),fnv,2,205176397,recorded,1.0,1.0,1.0,True,True,True,136,138,1.0,1.0,62.43,False,False,population solved,lexicase,139,jobs/half-adder-temporal_fnv/02/result.json,
Half adder (temporal),fnv,3,206176400,recorded,0.75,0.75,0.75,False,False,False,,244,0.288727,0.2887268518518519,603.21,True,False,time cap 600s,lexicase,245,jobs/half-adder-temporal_fnv/03/result.json,
Half adder (temporal),fnv,4,207176403,recorded,1.0,1.0,1.0,True,True,True,57,60,1.0,1.0,17.0,False,False,population solved,lexicase,61,jobs/half-adder-temporal_fnv/04/result.json,
Half adder (temporal),fnv,5,208176406,recorded,1.0,1.0,1.0,True,True,True,212,215,1.0,1.0,117.15,False,False,population solved,lexicase,216,jobs/half-adder-temporal_fnv/05/result.json,
Half adder (temporal),fnv,6,209176409,recorded,1.0,1.0,1.0,True,True,True,488,491,1.0,1.0,584.17,False,False,population solved,lexicase,492,jobs/half-adder-temporal_fnv/06/result.json,
Half adder (temporal),fnv,7,210176412,recorded,0.8125,0.8125,0.5625,False,False,False,,563,0.337847,0.3378472222222222,601.8,True,False,time cap 600s,lexicase,564,jobs/half-adder-temporal_fnv/07/result.json,
Half adder (temporal),fnv,8,211176415,recorded,0.8125,0.8125,0.6875,False,False,False,,457,0.302431,0.30243055555555554,601.28,True,False,time cap 600s,lexicase,458,jobs/half-adder-temporal_fnv/08/result.json,
Half adder (temporal),fnv,9,212176418,recorded,0.75,0.75,0.75,False,False,False,,439,0.311806,0.31180555555555556,600.29,True,False,time cap 600s,lexicase,440,jobs/half-adder-temporal_fnv/09/result.json,
Half adder (temporal),lut,0,202973885,recorded,1.0,1.0,1.0,True,True,True,42,44,1.0,1.0,47.28,False,False,population solved,lexicase,45,jobs/half-adder-temporal_lut/00/result.json,
Half adder (temporal),lut,1,203973888,recorded,1.0,1.0,1.0,True,True,True,32,35,1.0,1.0,33.02,False,False,population solved,lexicase,36,jobs/half-adder-temporal_lut/01/result.json,
Half adder (temporal),lut,2,204973891,recorded,1.0,1.0,1.0,True,True,True,80,82,1.0,1.0,77.61,False,False,population solved,lexicase,83,jobs/half-adder-temporal_lut/02/result.json,
Half adder (temporal),lut,3,205973894,recorded,1.0,1.0,1.0,True,True,True,17,19,1.0,1.0,65.12,False,False,population solved,lexicase,20,jobs/half-adder-temporal_lut/03/result.json,
Half adder (temporal),lut,4,206973897,recorded,1.0,1.0,1.0,True,True,True,56,58,1.0,1.0,58.11,False,False,population solved,lexicase,59,jobs/half-adder-temporal_lut/04/result.json,
Half adder (temporal),lut,5,207973900,recorded,1.0,1.0,1.0,True,True,True,68,70,1.0,1.0,76.46,False,False,population solved,lexicase,71,jobs/half-adder-temporal_lut/05/result.json,
Half adder (temporal),lut,6,208973903,recorded,1.0,1.0,0.38585633116883117,True,False,True,138,141,1.0,1.0,137.26,False,False,population solved,lexicase,142,jobs/half-adder-temporal_lut/06/result.json,
Half adder (temporal),lut,7,209973906,recorded,1.0,1.0,1.0,True,True,True,9,12,1.0,1.0,14.46,False,False,population solved,lexicase,13,jobs/half-adder-temporal_lut/07/result.json,
Half adder (temporal),lut,8,210973909,recorded,1.0,1.0,1.0,True,True,True,91,94,1.0,1.0,90.01,False,False,population solved,lexicase,95,jobs/half-adder-temporal_lut/08/result.json,
Half adder (temporal),lut,9,211973912,recorded,1.0,1.0,1.0,True,True,True,69,72,1.0,1.0,225.96,False,False,population solved,lexicase,73,jobs/half-adder-temporal_lut/09/result.json,
Half adder (temporal),nervous,0,203420164,recorded,0.85,0.8500000000000001,0.8500000000000001,False,False,False,,600,0.42424,0.4242402259068618,278.57,False,False,,lexicase,601,jobs/half-adder-temporal_nervous/00/result.json,
Half adder (temporal),nervous,1,204420167,recorded,0.783333,0.7833333333333334,0.7000000000000001,False,False,False,,600,0.388294,0.38829369430520744,391.32,False,False,,lexicase,601,jobs/half-adder-temporal_nervous/01/result.json,
Half adder (temporal),nervous,2,205420170,recorded,0.75,0.75,0.75,False,False,False,,600,0.369408,0.36940754268879267,498.93,False,False,,lexicase,601,jobs/half-adder-temporal_nervous/02/result.json,
Half adder (temporal),nervous,3,206420173,recorded,0.75,0.75,0.75,False,False,False,,350,0.356318,0.3563178167166654,602.53,True,False,time cap 600s,lexicase,351,jobs/half-adder-temporal_nervous/03/result.json,
Half adder (temporal),nervous,4,207420176,recorded,0.85,0.8500000000000001,0.8500000000000001,False,False,False,,600,0.409931,0.4099305555555556,302.94,False,False,,lexicase,601,jobs/half-adder-temporal_nervous/04/result.json,
Half adder (temporal),nervous,5,208420179,recorded,0.75,0.75,0.75,False,False,False,,595,0.46612,0.46611991104452727,601.86,True,False,time cap 600s,lexicase,596,jobs/half-adder-temporal_nervous/05/result.json,
Half adder (temporal),nervous,6,209420182,recorded,0.85,0.8500000000000001,0.8500000000000001,False,False,False,,600,0.434819,0.43481872957516343,350.13,False,False,,lexicase,601,jobs/half-adder-temporal_nervous/06/result.json,
Half adder (temporal),nervous,7,210420185,recorded,0.75,0.75,0.75,False,False,False,,600,0.335119,0.33511912277537276,359.37,False,False,,lexicase,601,jobs/half-adder-temporal_nervous/07/result.json,
Half adder (temporal),nervous,8,211420188,recorded,0.75,0.75,0.75,False,False,False,,600,0.429682,0.429681712962963,403.73,False,False,,lexicase,601,jobs/half-adder-temporal_nervous/08/result.json,
Half adder (temporal),nervous,9,212420191,recorded,0.85,0.8500000000000001,0.8500000000000001,False,False,False,,600,0.325767,0.3257667852980353,368.09,False,False,,lexicase,601,jobs/half-adder-temporal_nervous/09/result.json,
Half adder,fnv,0,202702798,recorded,1.0,1.0,1.0,True,True,True,118,121,1.0,1.0,37.88,False,False,population solved,lexicase,122,jobs/half-adder_fnv/00/result.json,
Half adder,fnv,1,203702801,recorded,1.0,1.0,1.0,True,True,True,9,12,1.0,1.0,2.29,False,False,population solved,lexicase,13,jobs/half-adder_fnv/01/result.json,
Half adder,fnv,2,204702804,recorded,1.0,1.0,1.0,True,True,True,39,42,1.0,1.0,9.09,False,False,population solved,lexicase,43,jobs/half-adder_fnv/02/result.json,
Half adder,fnv,3,205702807,recorded,1.0,1.0,1.0,True,True,True,80,83,1.0,1.0,23.04,False,False,population solved,lexicase,84,jobs/half-adder_fnv/03/result.json,
Half adder,fnv,4,206702810,recorded,1.0,1.0,1.0,True,True,True,252,255,1.0,1.0,217.86,False,False,population solved,lexicase,256,jobs/half-adder_fnv/04/result.json,
Half adder,fnv,5,207702813,recorded,1.0,1.0,1.0,True,True,True,150,153,1.0,1.0,220.17,False,False,population solved,lexicase,154,jobs/half-adder_fnv/05/result.json,
Half adder,fnv,6,208702816,recorded,1.0,1.0,1.0,True,True,True,47,50,1.0,1.0,12.59,False,False,population solved,lexicase,51,jobs/half-adder_fnv/06/result.json,
Half adder,fnv,7,209702819,recorded,1.0,1.0,1.0,True,True,True,26,29,1.0,1.0,5.22,False,False,population solved,lexicase,30,jobs/half-adder_fnv/07/result.json,
Half adder,fnv,8,210702822,recorded,1.0,1.0,1.0,True,True,True,75,78,1.0,1.0,24.74,False,False,population solved,lexicase,79,jobs/half-adder_fnv/08/result.json,
Half adder,fnv,9,211702825,recorded,1.0,1.0,1.0,True,True,True,40,43,1.0,1.0,19.03,False,False,population solved,lexicase,44,jobs/half-adder_fnv/09/result.json,
Half adder,lut,0,203133583,recorded,1.0,1.0,1.0,True,True,True,104,107,1.0,1.0,95.72,False,False,population solved,lexicase,108,jobs/half-adder_lut/00/result.json,
Half adder,lut,1,204133586,recorded,1.0,1.0,0.8611111111111112,True,False,True,40,44,1.0,1.0,104.3,False,False,population solved,lexicase,45,jobs/half-adder_lut/01/result.json,
Half adder,lut,2,205133589,recorded,1.0,1.0,1.0,True,True,True,133,136,1.0,1.0,121.66,False,False,population solved,lexicase,137,jobs/half-adder_lut/02/result.json,
Half adder,lut,3,206133592,recorded,1.0,1.0,1.0,True,True,True,82,85,1.0,1.0,76.24,False,False,population solved,lexicase,86,jobs/half-adder_lut/03/result.json,
Half adder,lut,4,207133595,recorded,1.0,1.0,1.0,True,True,True,73,76,1.0,1.0,62.77,False,False,population solved,lexicase,77,jobs/half-adder_lut/04/result.json,
Half adder,lut,5,208133598,recorded,1.0,1.0,0.875,True,False,True,13,16,1.0,1.0,55.83,False,False,population solved,lexicase,17,jobs/half-adder_lut/05/result.json,
Half adder,lut,6,209133601,recorded,1.0,1.0,0.8125,True,False,True,115,118,1.0,1.0,116.9,False,False,population solved,lexicase,119,jobs/half-adder_lut/06/result.json,
Half adder,lut,7,210133604,recorded,1.0,1.0,1.0,True,True,True,94,97,1.0,1.0,79.37,False,False,population solved,lexicase,98,jobs/half-adder_lut/07/result.json,
Half adder,lut,8,211133607,recorded,1.0,1.0,1.0,True,True,True,26,29,1.0,1.0,22.81,False,False,population solved,lexicase,30,jobs/half-adder_lut/08/result.json,
Half adder,lut,9,212133610,recorded,1.0,1.0,1.0,True,True,True,73,76,1.0,1.0,218.93,False,False,population solved,lexicase,77,jobs/half-adder_lut/09/result.json,
Majority-3 (temporal),fnv,0,203062304,recorded,0.888889,0.888888888888889,0.888888888888889,False,False,False,,600,0.621442,0.621441798941799,474.35,False,False,,lexicase,601,jobs/majority-3-temporal_fnv/00/result.json,
Majority-3 (temporal),fnv,1,204062307,recorded,0.857143,0.8571428571428571,0.8571428571428571,False,False,False,,379,0.548056,0.5480555555555555,602.47,True,False,time cap 600s,lexicase,380,jobs/majority-3-temporal_fnv/01/result.json,
Majority-3 (temporal),fnv,2,205062310,recorded,0.888889,0.888888888888889,0.888888888888889,False,False,False,,600,0.551958,0.551958226958227,420.44,False,False,,lexicase,601,jobs/majority-3-temporal_fnv/02/result.json,
Majority-3 (temporal),fnv,3,206062313,recorded,0.888889,0.888888888888889,0.888888888888889,False,False,False,,600,0.519658,0.5196582892416226,467.87,False,False,,lexicase,601,jobs/majority-3-temporal_fnv/03/result.json,
Majority-3 (temporal),fnv,4,207062316,recorded,0.888889,0.888888888888889,0.888888888888889,False,False,False,,600,0.585465,0.5854649671316338,510.21,False,False,,lexicase,601,jobs/majority-3-temporal_fnv/04/result.json,
Majority-3 (temporal),fnv,5,208062319,recorded,0.888889,0.888888888888889,0.888888888888889,False,False,False,,276,0.524471,0.5244708994708994,600.97,True,False,time cap 600s,lexicase,277,jobs/majority-3-temporal_fnv/05/result.json,
Majority-3 (temporal),fnv,6,209062322,recorded,0.888889,0.888888888888889,0.888888888888889,False,False,False,,555,0.475255,0.47525493025493026,601.16,True,False,time cap 600s,lexicase,556,jobs/majority-3-temporal_fnv/06/result.json,
Majority-3 (temporal),fnv,7,210062325,recorded,0.901455,0.9014550264550265,0.835758377425044,False,False,False,,600,0.595653,0.5956525573192241,430.13,False,False,,lexicase,601,jobs/majority-3-temporal_fnv/07/result.json,
Majority-3 (temporal),fnv,8,211062328,recorded,0.888889,0.888888888888889,0.888888888888889,False,False,False,,596,0.523911,0.5239109347442681,600.67,True,False,time cap 600s,lexicase,597,jobs/majority-3-temporal_fnv/08/result.json,
Majority-3 (temporal),fnv,9,212062331,recorded,0.888889,0.888888888888889,0.888888888888889,False,False,False,,408,0.568704,0.5687037037037038,602.64,True,False,time cap 600s,lexicase,409,jobs/majority-3-temporal_fnv/09/result.json,
Majority-3 (temporal),lut,0,203433877,recorded,1.0,1.0,1.0,True,True,True,243,246,1.0,1.0,337.12,False,False,population solved,lexicase,247,jobs/majority-3-temporal_lut/00/result.json,
Majority-3 (temporal),lut,1,204433880,recorded,1.0,1.0,1.0,True,True,True,29,32,1.0,1.0,147.83,False,False,population solved,lexicase,33,jobs/majority-3-temporal_lut/01/result.json,
Majority-3 (temporal),lut,2,205433883,recorded,1.0,1.0,1.0,True,True,True,2,5,1.0,1.0,9.03,False,False,population solved,lexicase,6,jobs/majority-3-temporal_lut/02/result.json,
Majority-3 (temporal),lut,3,206433886,recorded,1.0,1.0,1.0,True,True,True,44,47,1.0,1.0,62.79,False,False,population solved,lexicase,48,jobs/majority-3-temporal_lut/03/result.json,
Majority-3 (temporal),lut,4,207433889,recorded,1.0,1.0,1.0,True,True,True,27,30,1.0,1.0,41.95,False,False,population solved,lexicase,31,jobs/majority-3-temporal_lut/04/result.json,
Majority-3 (temporal),lut,5,208433892,recorded,1.0,1.0,1.0,True,True,True,30,33,1.0,1.0,178.07,False,False,population solved,lexicase,34,jobs/majority-3-temporal_lut/05/result.json,
Majority-3 (temporal),lut,6,209433895,recorded,1.0,1.0,1.0,True,True,True,59,62,1.0,1.0,82.38,False,False,population solved,lexicase,63,jobs/majority-3-temporal_lut/06/result.json,
Majority-3 (temporal),lut,7,210433898,recorded,1.0,1.0,1.0,True,True,True,44,48,1.0,1.0,60.88,False,False,population solved,lexicase,49,jobs/majority-3-temporal_lut/07/result.json,
Majority-3 (temporal),lut,8,211433901,recorded,1.0,1.0,1.0,True,True,True,51,54,1.0,1.0,73.24,False,False,population solved,lexicase,55,jobs/majority-3-temporal_lut/08/result.json,
Majority-3 (temporal),lut,9,212433904,recorded,1.0,1.0,1.0,True,True,True,13,16,1.0,1.0,75.59,False,False,population solved,lexicase,17,jobs/majority-3-temporal_lut/09/result.json,
Majority-3 (temporal),nervous,0,203418751,recorded,1.0,1.0,1.0,True,True,True,36,40,1.0,1.0,7.53,False,False,population solved,lexicase,41,jobs/majority-3-temporal_nervous/00/result.json,
Majority-3 (temporal),nervous,1,204418754,recorded,0.888889,0.888888888888889,0.888888888888889,False,False,False,,545,0.518396,0.5183956743906406,601.89,True,False,time cap 600s,lexicase,546,jobs/majority-3-temporal_nervous/01/result.json,
Majority-3 (temporal),nervous,2,205418757,recorded,1.0,1.0,1.0,True,True,True,170,173,1.0,1.0,46.73,False,False,population solved,lexicase,174,jobs/majority-3-temporal_nervous/02/result.json,
Majority-3 (temporal),nervous,3,206418760,recorded,0.8,0.8000000000000002,0.8000000000000002,False,False,False,,600,0.569691,0.569691280941281,266.05,False,False,,lexicase,601,jobs/majority-3-temporal_nervous/03/result.json,
Majority-3 (temporal),nervous,4,207418763,recorded,1.0,1.0,1.0,True,True,True,286,289,1.0,1.0,54.83,False,False,population solved,lexicase,290,jobs/majority-3-temporal_nervous/04/result.json,
Majority-3 (temporal),nervous,5,208418766,recorded,1.0,1.0,1.0,True,True,True,103,106,1.0,1.0,53.52,False,False,population solved,lexicase,107,jobs/majority-3-temporal_nervous/05/result.json,
Majority-3 (temporal),nervous,6,209418769,recorded,1.0,1.0,1.0,True,True,True,216,219,1.0,1.0,39.57,False,False,population solved,lexicase,220,jobs/majority-3-temporal_nervous/06/result.json,
Majority-3 (temporal),nervous,7,210418772,recorded,1.0,1.0,1.0,True,True,True,540,543,1.0,1.0,174.28,False,False,population solved,lexicase,544,jobs/majority-3-temporal_nervous/07/result.json,
Majority-3 (temporal),nervous,8,211418775,recorded,0.888889,0.888888888888889,0.888888888888889,False,False,False,,600,0.70558,0.7055795053711721,221.18,False,False,,lexicase,601,jobs/majority-3-temporal_nervous/08/result.json,
Majority-3 (temporal),nervous,9,212418778,recorded,1.0,1.0,1.0,True,True,True,177,180,1.0,1.0,65.85,False,False,population solved,lexicase,181,jobs/majority-3-temporal_nervous/09/result.json,
Majority-3,fnv,0,203076999,recorded,1.0,1.0,1.0,True,True,True,361,363,1.0,1.0,292.36,False,False,population solved,lexicase,364,jobs/majority-3_fnv/00/result.json,
Majority-3,fnv,1,204077002,recorded,0.875,0.875,0.875,False,False,False,,376,0.708333,0.7083333333333334,600.91,True,False,time cap 600s,lexicase,377,jobs/majority-3_fnv/01/result.json,
Majority-3,fnv,2,205077005,recorded,0.875,0.875,0.875,False,False,False,,600,0.69375,0.69375,584.72,False,False,,lexicase,601,jobs/majority-3_fnv/02/result.json,
Majority-3,fnv,3,206077008,recorded,1.0,1.0,1.0,True,True,True,379,382,1.0,1.0,234.35,False,False,population solved,lexicase,383,jobs/majority-3_fnv/03/result.json,
Majority-3,fnv,4,207077011,recorded,1.0,1.0,1.0,True,True,True,324,327,1.0,1.0,224.01,False,False,population solved,lexicase,328,jobs/majority-3_fnv/04/result.json,
Majority-3,fnv,5,208077014,recorded,0.875,0.875,0.875,False,False,False,,244,0.68125,0.68125,602.9,True,False,time cap 600s,lexicase,245,jobs/majority-3_fnv/05/result.json,
Majority-3,fnv,6,209077017,recorded,0.875,0.875,0.875,False,False,False,,600,0.6875,0.6875,533.2,False,False,,lexicase,601,jobs/majority-3_fnv/06/result.json,
Majority-3,fnv,7,210077020,recorded,0.875,0.875,0.875,False,False,False,,600,0.714583,0.7145833333333333,492.98,False,False,,lexicase,601,jobs/majority-3_fnv/07/result.json,
Majority-3,fnv,8,211077023,recorded,0.875,0.875,0.875,False,False,False,,600,0.764583,0.7645833333333333,476.61,False,False,,lexicase,601,jobs/majority-3_fnv/08/result.json,
Majority-3,fnv,9,212077026,recorded,0.875,0.875,0.875,False,False,False,,341,0.7375,0.7375,602.46,True,False,time cap 600s,lexicase,342,jobs/majority-3_fnv/09/result.json,
Majority-3,lut,0,203153861,recorded,1.0,1.0,1.0,True,True,True,10,13,1.0,1.0,13.21,False,False,population solved,lexicase,14,jobs/majority-3_lut/00/result.json,
Majority-3,lut,1,204153864,recorded,1.0,1.0,1.0,True,True,True,9,12,1.0,1.0,39.19,False,False,population solved,lexicase,13,jobs/majority-3_lut/01/result.json,
Majority-3,lut,2,205153867,recorded,1.0,1.0,0.875,True,False,True,365,369,1.0,1.0,377.04,False,False,population solved,lexicase,370,jobs/majority-3_lut/02/result.json,
Majority-3,lut,3,206153870,recorded,1.0,1.0,0.75,True,False,True,52,55,1.0,1.0,53.34,False,False,population solved,lexicase,56,jobs/majority-3_lut/03/result.json,
Majority-3,lut,4,207153873,recorded,1.0,1.0,1.0,True,True,True,98,101,1.0,1.0,91.93,False,False,population solved,lexicase,102,jobs/majority-3_lut/04/result.json,
Majority-3,lut,5,208153876,recorded,1.0,1.0,1.0,True,True,True,64,67,1.0,1.0,266.83,False,False,population solved,lexicase,68,jobs/majority-3_lut/05/result.json,
Majority-3,lut,6,209153879,recorded,1.0,1.0,1.0,True,True,True,53,56,1.0,1.0,50.16,False,False,population solved,lexicase,57,jobs/majority-3_lut/06/result.json,
Majority-3,lut,7,210153882,recorded,1.0,1.0,1.0,True,True,True,1,4,1.0,1.0,6.19,False,False,population solved,lexicase,5,jobs/majority-3_lut/07/result.json,
Majority-3,lut,8,211153885,recorded,1.0,1.0,1.0,True,True,True,257,260,1.0,1.0,252.84,False,False,population solved,lexicase,261,jobs/majority-3_lut/08/result.json,
Majority-3,lut,9,212153888,recorded,1.0,1.0,1.0,True,True,True,1,4,1.0,1.0,12.23,False,False,population solved,lexicase,5,jobs/majority-3_lut/09/result.json,
NAND (temporal),fnv,0,203532997,recorded,1.0,1.0,1.0,True,True,True,297,299,1.0,1.0,194.91,False,False,population solved,lexicase,300,jobs/nand-temporal_fnv/00/result.json,
NAND (temporal),fnv,1,204533000,recorded,0.8,0.8000000000000002,0.8000000000000002,False,False,False,,302,0.39083,0.3908300264550265,601.29,True,False,time cap 600s,lexicase,303,jobs/nand-temporal_fnv/01/result.json,
NAND (temporal),fnv,2,205533003,recorded,0.8,0.8000000000000002,0.8000000000000002,False,False,False,,600,0.439137,0.4391369047619048,558.76,False,False,,lexicase,601,jobs/nand-temporal_fnv/02/result.json,
NAND (temporal),fnv,3,206533006,recorded,0.8,0.8000000000000002,0.8000000000000002,False,False,False,,600,0.327778,0.3277777777777778,548.15,False,False,,lexicase,601,jobs/nand-temporal_fnv/03/result.json,
NAND (temporal),fnv,4,207533009,recorded,0.8,0.8000000000000002,0.8000000000000002,False,False,False,,550,0.385756,0.3857561728395062,601.15,True,False,time cap 600s,lexicase,551,jobs/nand-temporal_fnv/04/result.json,
NAND (temporal),fnv,5,208533012,recorded,0.8,0.8000000000000002,0.8000000000000002,False,False,False,,263,0.556687,0.556686507936508,604.0,True,False,time cap 600s,lexicase,264,jobs/nand-temporal_fnv/05/result.json,
NAND (temporal),fnv,6,209533015,recorded,1.0,1.0,1.0,True,True,True,242,245,1.0,1.0,97.53,False,False,population solved,lexicase,246,jobs/nand-temporal_fnv/06/result.json,
NAND (temporal),fnv,7,210533018,recorded,1.0,1.0,1.0,True,True,True,205,207,1.0,1.0,96.54,False,False,population solved,lexicase,208,jobs/nand-temporal_fnv/07/result.json,
NAND (temporal),fnv,8,211533021,recorded,1.0,1.0,1.0,True,True,True,64,67,1.0,1.0,8.94,False,False,population solved,lexicase,68,jobs/nand-temporal_fnv/08/result.json,
NAND (temporal),fnv,9,212533024,recorded,1.0,1.0,1.0,True,True,True,272,274,1.0,1.0,313.44,False,False,population solved,lexicase,275,jobs/nand-temporal_fnv/09/result.json,
NAND (temporal),lut,0,203319364,recorded,0.8,0.8000000000000002,0.8000000000000002,False,False,False,,522,0.352198,0.3521979717813052,600.88,True,False,time cap 600s,lexicase,523,jobs/nand-temporal_lut/00/result.json,
NAND (temporal),lut,1,204319367,recorded,0.8,0.8000000000000002,0.26785585556418895,False,False,False,,164,0.481812,0.4818118686868687,603.09,True,False,time cap 600s,lexicase,165,jobs/nand-temporal_lut/01/result.json,
NAND (temporal),lut,2,205319370,recorded,0.8,0.8000000000000002,0.8000000000000002,False,False,False,,538,0.350194,0.3501940035273369,600.75,True,False,time cap 600s,lexicase,539,jobs/nand-temporal_lut/02/result.json,
NAND (temporal),lut,3,206319373,recorded,1.0,1.0,1.0,True,True,True,42,45,1.0,1.0,50.57,False,False,population solved,lexicase,46,jobs/nand-temporal_lut/03/result.json,
NAND (temporal),lut,4,207319376,recorded,0.8,0.8000000000000002,0.8000000000000002,False,False,False,,520,0.405893,0.40589285714285717,601.62,True,False,time cap 600s,lexicase,521,jobs/nand-temporal_lut/04/result.json,
NAND (temporal),lut,5,208319379,recorded,0.8,0.8000000000000002,0.8000000000000002,False,False,False,,135,0.370184,0.37018435404464817,603.43,True,False,time cap 600s,lexicase,136,jobs/nand-temporal_lut/05/result.json,
NAND (temporal),lut,6,209319382,recorded,1.0,1.0,1.0,True,True,True,19,22,1.0,1.0,25.23,False,False,population solved,lexicase,23,jobs/nand-temporal_lut/06/result.json,
NAND (temporal),lut,7,210319385,recorded,1.0,1.0,1.0,True,True,True,112,115,1.0,1.0,120.92,False,False,population solved,lexicase,116,jobs/nand-temporal_lut/07/result.json,
NAND (temporal),lut,8,211319388,recorded,0.8,0.8000000000000002,0.8000000000000002,False,False,False,,499,0.471558,0.4715575396825397,601.11,True,False,time cap 600s,lexicase,500,jobs/nand-temporal_lut/08/result.json,
NAND (temporal),lut,9,212319391,recorded,0.8,0.8000000000000002,0.8000000000000002,False,False,False,,151,0.45503,0.45502976190476196,603.83,True,False,time cap 600s,lexicase,152,jobs/nand-temporal_lut/09/result.json,
NAND (temporal),nervous,0,203198323,recorded,0.8,0.8000000000000002,0.8000000000000002,False,False,False,,600,0.383105,0.38310515873015877,213.84,False,False,,lexicase,601,jobs/nand-temporal_nervous/00/result.json,
NAND (temporal),nervous,1,204198326,recorded,1.0,1.0,1.0,True,True,True,271,274,1.0,1.0,152.51,False,False,population solved,lexicase,275,jobs/nand-temporal_nervous/01/result.json,
NAND (temporal),nervous,2,205198329,recorded,0.8,0.8000000000000002,0.8000000000000002,False,False,False,,600,0.395754,0.39575366762866765,144.05,False,False,,lexicase,601,jobs/nand-temporal_nervous/02/result.json,
NAND (temporal),nervous,3,206198332,recorded,1.0,1.0,1.0,True,True,True,376,379,1.0,1.0,85.0,False,False,population solved,lexicase,380,jobs/nand-temporal_nervous/03/result.json,
NAND (temporal),nervous,4,207198335,recorded,0.8,0.8000000000000002,0.8000000000000002,False,False,False,,600,0.364322,0.36432208994709,202.95,False,False,,lexicase,601,jobs/nand-temporal_nervous/04/result.json,
NAND (temporal),nervous,5,208198338,recorded,1.0,1.0,1.0,True,True,True,7,12,1.0,1.0,5.34,False,False,population solved,lexicase,13,jobs/nand-temporal_nervous/05/result.json,
NAND (temporal),nervous,6,209198341,recorded,0.8,0.8000000000000002,0.8000000000000002,False,False,False,,600,0.403862,0.4038624338624339,193.31,False,False,,lexicase,601,jobs/nand-temporal_nervous/06/result.json,
NAND (temporal),nervous,7,210198344,recorded,0.8,0.8000000000000002,0.8000000000000002,False,False,False,,600,0.398377,0.3983766233766234,291.31,False,False,,lexicase,601,jobs/nand-temporal_nervous/07/result.json,
NAND (temporal),nervous,8,211198347,recorded,0.8,0.8000000000000002,0.8000000000000002,False,False,False,,600,0.433089,0.433088924963925,182.82,False,False,,lexicase,601,jobs/nand-temporal_nervous/08/result.json,
NAND (temporal),nervous,9,212198350,recorded,0.8,0.8000000000000002,0.8000000000000002,False,False,False,,600,0.479106,0.47910624098124105,425.53,False,False,,lexicase,601,jobs/nand-temporal_nervous/09/result.json,
NAND,fnv,0,203296855,recorded,0.833333,0.8333333333333333,0.8333333333333334,False,False,False,,568,0.627778,0.6277777777777778,600.95,True,False,time cap 600s,lexicase,569,jobs/nand_fnv/00/result.json,
NAND,fnv,1,204296858,recorded,0.833333,0.8333333333333333,0.8333333333333334,False,False,False,,404,0.616667,0.6166666666666667,600.95,True,False,time cap 600s,lexicase,405,jobs/nand_fnv/01/result.json,
NAND,fnv,2,205296861,recorded,0.833333,0.8333333333333333,0.8333333333333334,False,False,False,,600,0.655556,0.6555555555555554,587.97,False,False,,lexicase,601,jobs/nand_fnv/02/result.json,
NAND,fnv,3,206296864,recorded,0.833333,0.8333333333333333,0.8333333333333334,False,False,False,,600,0.577778,0.5777777777777777,488.97,False,False,,lexicase,601,jobs/nand_fnv/03/result.json,
NAND,fnv,4,207296867,recorded,0.833333,0.8333333333333333,0.8333333333333334,False,False,False,,557,0.583333,0.5833333333333334,601.27,True,False,time cap 600s,lexicase,558,jobs/nand_fnv/04/result.json,
NAND,fnv,5,208296870,recorded,0.833333,0.8333333333333333,0.8333333333333334,False,False,False,,290,0.583333,0.5833333333333334,603.49,True,False,time cap 600s,lexicase,291,jobs/nand_fnv/05/result.json,
NAND,fnv,6,209296873,recorded,0.833333,0.8333333333333333,0.8333333333333334,False,False,False,,567,0.636111,0.6361111111111111,601.23,True,False,time cap 600s,lexicase,568,jobs/nand_fnv/06/result.json,
NAND,fnv,7,210296876,recorded,0.833333,0.8333333333333333,0.8333333333333334,False,False,False,,600,0.608333,0.6083333333333333,472.07,False,False,,lexicase,601,jobs/nand_fnv/07/result.json,
NAND,fnv,8,211296879,recorded,0.833333,0.8333333333333333,0.8333333333333334,False,False,False,,591,0.633333,0.6333333333333333,600.92,True,False,time cap 600s,lexicase,592,jobs/nand_fnv/08/result.json,
NAND,fnv,9,212296882,recorded,0.833333,0.8333333333333333,0.8333333333333334,False,False,False,,281,0.658333,0.6583333333333333,603.04,True,False,time cap 600s,lexicase,282,jobs/nand_fnv/09/result.json,
NAND,lut,0,203245545,recorded,1.0,1.0,1.0,True,True,True,105,108,1.0,1.0,66.43,False,False,population solved,lexicase,109,jobs/nand_lut/00/result.json,
NAND,lut,1,204245548,recorded,1.0,1.0,1.0,True,True,True,15,18,1.0,1.0,32.96,False,False,population solved,lexicase,19,jobs/nand_lut/01/result.json,
NAND,lut,2,205245551,recorded,1.0,1.0,1.0,True,True,True,399,402,1.0,1.0,263.17,False,False,population solved,lexicase,403,jobs/nand_lut/02/result.json,
NAND,lut,3,206245554,recorded,1.0,1.0,0.6875,True,False,True,24,26,1.0,1.0,16.34,False,False,population solved,lexicase,27,jobs/nand_lut/03/result.json,
NAND,lut,4,207245557,recorded,1.0,1.0,0.9722222222222222,True,False,True,89,92,1.0,1.0,56.29,False,False,population solved,lexicase,93,jobs/nand_lut/04/result.json,
NAND,lut,5,208245560,recorded,1.0,1.0,0.6666666666666666,True,False,True,134,137,1.0,1.0,326.9,False,False,population solved,lexicase,138,jobs/nand_lut/05/result.json,
NAND,lut,6,209245563,recorded,1.0,1.0,1.0,True,True,True,360,363,1.0,1.0,240.39,False,False,population solved,lexicase,364,jobs/nand_lut/06/result.json,
NAND,lut,7,210245566,recorded,1.0,1.0,0.9722222222222222,True,False,True,95,98,1.0,1.0,57.57,False,False,population solved,lexicase,99,jobs/nand_lut/07/result.json,
NAND,lut,8,211245569,recorded,1.0,1.0,0.8333333333333334,True,False,True,67,70,1.0,1.0,43.71,False,False,population solved,lexicase,71,jobs/nand_lut/08/result.json,
NAND,lut,9,212245572,recorded,0.833333,0.8333333333333333,0.8333333333333334,False,False,False,,241,0.540972,0.5409722222222222,603.48,True,False,time cap 600s,lexicase,242,jobs/nand_lut/09/result.json,
NOR (temporal),fnv,0,203233451,recorded,1.0,1.0,1.0,True,True,True,142,145,1.0,1.0,44.67,False,False,population solved,lexicase,146,jobs/nor-temporal_fnv/00/result.json,
NOR (temporal),fnv,1,204233454,recorded,1.0,1.0,1.0,True,True,True,76,79,1.0,1.0,56.07,False,False,population solved,lexicase,80,jobs/nor-temporal_fnv/01/result.json,
NOR (temporal),fnv,2,205233457,recorded,1.0,1.0,1.0,True,True,True,91,94,1.0,1.0,16.81,False,False,population solved,lexicase,95,jobs/nor-temporal_fnv/02/result.json,
NOR (temporal),fnv,3,206233460,recorded,1.0,1.0,1.0,True,True,True,47,50,1.0,1.0,10.91,False,False,population solved,lexicase,51,jobs/nor-temporal_fnv/03/result.json,
NOR (temporal),fnv,4,207233463,recorded,1.0,1.0,1.0,True,True,True,111,113,1.0,1.0,29.94,False,False,population solved,lexicase,114,jobs/nor-temporal_fnv/04/result.json,
NOR (temporal),fnv,5,208233466,recorded,0.694444,0.6944444444444445,0.5648148148148148,False,False,False,,263,0.287824,0.2878240740740741,602.52,True,False,time cap 600s,lexicase,264,jobs/nor-temporal_fnv/05/result.json,
NOR (temporal),fnv,6,209233469,recorded,0.666667,0.6666666666666666,0.6666666666666666,False,False,False,,600,0.267963,0.2679629629629629,503.61,False,False,,lexicase,601,jobs/nor-temporal_fnv/06/result.json,
NOR (temporal),fnv,7,210233472,recorded,0.666667,0.6666666666666666,0.6666666666666666,False,False,False,,600,0.271336,0.2713359788359788,490.31,False,False,,lexicase,601,jobs/nor-temporal_fnv/07/result.json,
NOR (temporal),fnv,8,211233475,recorded,1.0,1.0,1.0,True,True,True,121,123,1.0,1.0,34.09,False,False,population solved,lexicase,124,jobs/nor-temporal_fnv/08/result.json,
NOR (temporal),fnv,9,212233478,recorded,1.0,1.0,1.0,True,True,True,72,74,1.0,1.0,41.04,False,False,population solved,lexicase,75,jobs/nor-temporal_fnv/09/result.json,
NOR (temporal),lut,0,203122293,recorded,0.666667,0.6666666666666666,0.6666666666666666,False,False,False,,556,0.242593,0.24259259259259258,600.95,True,False,time cap 600s,lexicase,557,jobs/nor-temporal_lut/00/result.json,
NOR (temporal),lut,1,204122296,recorded,0.666667,0.6666666666666666,0.6666666666666666,False,False,False,,194,0.303889,0.3038888888888888,602.35,True,False,time cap 600s,lexicase,195,jobs/nor-temporal_lut/01/result.json,
NOR (temporal),lut,2,205122299,recorded,0.666667,0.6666666666666666,0.6666666666666666,False,False,False,,570,0.249438,0.24943783068783068,601.12,True,False,time cap 600s,lexicase,571,jobs/nor-temporal_lut/02/result.json,
NOR (temporal),lut,3,206122302,recorded,0.666667,0.6666666666666666,0.6666666666666666,False,False,False,,562,0.192778,0.19277777777777777,601.41,True,False,time cap 600s,lexicase,563,jobs/nor-temporal_lut/03/result.json,
NOR (temporal),lut,4,207122305,recorded,0.666667,0.6666666666666666,0.6666666666666666,False,False,False,,594,0.235545,0.23554466230936819,601.17,True,False,time cap 600s,lexicase,595,jobs/nor-temporal_lut/04/result.json,
NOR (temporal),lut,5,208122308,recorded,0.666667,0.6666666666666666,0.6666666666666666,False,False,False,,180,0.198333,0.19833333333333333,602.4,True,False,time cap 600s,lexicase,181,jobs/nor-temporal_lut/05/result.json,
NOR (temporal),lut,6,209122311,recorded,0.666667,0.6666666666666666,0.6666666666666666,False,False,False,,600,0.281157,0.2811574074074074,594.05,False,False,,lexicase,601,jobs/nor-temporal_lut/06/result.json,
NOR (temporal),lut,7,210122314,recorded,0.666667,0.6666666666666666,0.6666666666666666,False,False,False,,594,0.175278,0.17527777777777775,600.91,True,False,time cap 600s,lexicase,595,jobs/nor-temporal_lut/07/result.json,
NOR (temporal),lut,8,211122317,recorded,0.666667,0.6666666666666666,0.6666666666666666,False,False,False,,600,0.218935,0.21893518518518518,565.49,False,False,,lexicase,601,jobs/nor-temporal_lut/08/result.json,
NOR (temporal),lut,9,212122320,recorded,0.666667,0.6666666666666666,0.6666666666666666,False,False,False,,182,0.257778,0.2577777777777778,603.56,True,False,time cap 600s,lexicase,183,jobs/nor-temporal_lut/09/result.json,
NOR (temporal),nervous,0,203420446,recorded,0.666667,0.6666666666666666,0.6666666666666666,False,False,False,,600,0.214259,0.21425925925925926,226.46,False,False,,lexicase,601,jobs/nor-temporal_nervous/00/result.json,
NOR (temporal),nervous,1,204420449,recorded,0.666667,0.6666666666666666,0.6666666666666666,False,False,False,,470,0.283093,0.283093260337816,601.12,True,False,time cap 600s,lexicase,471,jobs/nor-temporal_nervous/01/result.json,
NOR (temporal),nervous,2,205420452,recorded,0.666667,0.6666666666666666,0.6666666666666666,False,False,False,,600,0.268889,0.2688888888888889,188.14,False,False,,lexicase,601,jobs/nor-temporal_nervous/02/result.json,
NOR (temporal),nervous,3,206420455,recorded,0.666667,0.6666666666666666,0.6666666666666666,False,False,False,,600,0.262197,0.2621969696969697,284.77,False,False,,lexicase,601,jobs/nor-temporal_nervous/03/result.json,
NOR (temporal),nervous,4,207420458,recorded,0.666667,0.6666666666666666,0.6666666666666666,False,False,False,,600,0.194577,0.19457671957671957,248.44,False,False,,lexicase,601,jobs/nor-temporal_nervous/04/result.json,
NOR (temporal),nervous,5,208420461,recorded,1.0,1.0,1.0,True,True,True,451,453,1.0,1.0,273.98,False,False,population solved,lexicase,454,jobs/nor-temporal_nervous/05/result.json,
NOR (temporal),nervous,6,209420464,recorded,0.666667,0.6666666666666666,0.6666666666666666,False,False,False,,600,0.242037,0.24203703703703702,268.0,False,False,,lexicase,601,jobs/nor-temporal_nervous/06/result.json,
NOR (temporal),nervous,7,210420467,recorded,1.0,1.0,1.0,True,True,True,339,342,1.0,1.0,79.18,False,False,population solved,lexicase,343,jobs/nor-temporal_nervous/07/result.json,
NOR (temporal),nervous,8,211420470,recorded,0.666667,0.6666666666666666,0.6666666666666666,False,False,False,,600,0.169907,0.16990740740740742,159.01,False,False,,lexicase,601,jobs/nor-temporal_nervous/08/result.json,
NOR (temporal),nervous,9,212420473,recorded,0.666667,0.6666666666666666,0.6666666666666666,False,False,False,,600,0.185556,0.18555555555555556,344.2,False,False,,lexicase,601,jobs/nor-temporal_nervous/09/result.json,
NOR,fnv,0,202850452,recorded,0.5,0.5,0.5,False,False,False,,600,0.494444,0.49444444444444446,592.84,False,False,,lexicase,601,jobs/nor_fnv/00/result.json,
NOR,fnv,1,203850455,recorded,0.5,0.5,0.5,False,False,False,,319,0.458333,0.4583333333333333,602.33,True,False,time cap 600s,lexicase,320,jobs/nor_fnv/01/result.json,
NOR,fnv,2,204850458,recorded,0.5,0.5,0.5,False,False,False,,600,0.488889,0.4888888888888889,543.86,False,False,,lexicase,601,jobs/nor_fnv/02/result.json,
NOR,fnv,3,205850461,recorded,0.5,0.5,0.5,False,False,False,,573,0.477778,0.4777777777777778,600.89,True,False,time cap 600s,lexicase,574,jobs/nor_fnv/03/result.json,
NOR,fnv,4,206850464,recorded,0.5,0.5,0.5,False,False,False,,563,0.477778,0.4777777777777778,601.42,True,False,time cap 600s,lexicase,564,jobs/nor_fnv/04/result.json,
NOR,fnv,5,207850467,recorded,0.5,0.5,0.5,False,False,False,,274,0.463889,0.46388888888888885,603.17,True,False,time cap 600s,lexicase,275,jobs/nor_fnv/05/result.json,
NOR,fnv,6,208850470,recorded,0.5,0.5,0.5,False,False,False,,600,0.441667,0.44166666666666665,584.58,False,False,,lexicase,601,jobs/nor_fnv/06/result.json,
NOR,fnv,7,209850473,recorded,0.5,0.5,0.5,False,False,False,,600,0.491667,0.49166666666666664,594.36,False,False,,lexicase,601,jobs/nor_fnv/07/result.json,
NOR,fnv,8,210850476,recorded,0.5,0.5,0.5,False,False,False,,600,0.5,0.5,494.2,False,False,,lexicase,601,jobs/nor_fnv/08/result.json,
NOR,fnv,9,211850479,recorded,0.5,0.5,0.5,False,False,False,,251,0.472222,0.4722222222222222,602.87,True,False,time cap 600s,lexicase,252,jobs/nor_fnv/09/result.json,
NOR,lut,0,203570306,recorded,1.0,1.0,1.0,True,True,True,132,135,1.0,1.0,86.94,False,False,population solved,lexicase,136,jobs/nor_lut/00/result.json,
NOR,lut,1,204570309,recorded,0.833333,0.8333333333333333,0.6666666666666666,False,False,False,,269,0.488889,0.4888888888888889,601.21,True,False,time cap 600s,lexicase,270,jobs/nor_lut/01/result.json,
NOR,lut,2,205570312,recorded,1.0,1.0,1.0,True,True,True,9,12,1.0,1.0,8.91,False,False,population solved,lexicase,13,jobs/nor_lut/02/result.json,
NOR,lut,3,206570315,recorded,1.0,1.0,1.0,True,True,True,210,213,1.0,1.0,137.26,False,False,population solved,lexicase,214,jobs/nor_lut/03/result.json,
NOR,lut,4,207570318,recorded,1.0,1.0,1.0,True,True,True,156,159,1.0,1.0,93.43,False,False,population solved,lexicase,160,jobs/nor_lut/04/result.json,
NOR,lut,5,208570321,recorded,1.0,1.0,1.0,True,True,True,116,119,1.0,1.0,283.28,False,False,population solved,lexicase,120,jobs/nor_lut/05/result.json,
NOR,lut,6,209570324,recorded,1.0,1.0,1.0,True,True,True,4,7,1.0,1.0,5.78,False,False,population solved,lexicase,8,jobs/nor_lut/06/result.json,
NOR,lut,7,210570327,recorded,1.0,1.0,1.0,True,True,True,5,8,1.0,1.0,6.43,False,False,population solved,lexicase,9,jobs/nor_lut/07/result.json,
NOR,lut,8,211570330,recorded,1.0,1.0,0.75,True,False,True,56,59,1.0,1.0,37.33,False,False,population solved,lexicase,60,jobs/nor_lut/08/result.json,
NOR,lut,9,212570333,recorded,1.0,1.0,1.0,True,True,True,80,83,1.0,1.0,193.08,False,False,population solved,lexicase,84,jobs/nor_lut/09/result.json,
Odd A batch closed by B,fnv,0,202725506,recorded,0.97561,0.975609756097561,0.4839334107626791,False,False,False,,600,0.297826,0.2978260253340738,334.08,False,False,,tournament,601,jobs/odd-a-batch-closed-by-b_fnv/00/result.json,
Odd A batch closed by B,fnv,1,203725509,recorded,0.97561,0.975609756097561,0.4839334107626791,False,False,False,,465,0.368076,0.36807584853807207,601.13,True,False,time cap 600s,tournament,466,jobs/odd-a-batch-closed-by-b_fnv/01/result.json,
Odd A batch closed by B,fnv,2,204725512,recorded,0.97561,0.975609756097561,0.4839334107626791,False,False,False,,600,0.289798,0.2897980592709153,325.72,False,False,,tournament,601,jobs/odd-a-batch-closed-by-b_fnv/02/result.json,
Odd A batch closed by B,fnv,3,205725515,recorded,0.97561,0.975609756097561,0.4839334107626791,False,False,False,,600,0.405733,0.40573317104339107,341.63,False,False,,tournament,601,jobs/odd-a-batch-closed-by-b_fnv/03/result.json,
Odd A batch closed by B,fnv,4,206725518,recorded,0.97561,0.975609756097561,0.41889276035617495,False,False,False,,600,0.185302,0.18530204283829102,326.66,False,False,,tournament,601,jobs/odd-a-batch-closed-by-b_fnv/04/result.json,
Odd A batch closed by B,fnv,5,207725521,recorded,0.97561,0.975609756097561,0.4839334107626791,False,False,False,,456,0.305716,0.30571632796837594,601.82,True,False,time cap 600s,tournament,457,jobs/odd-a-batch-closed-by-b_fnv/05/result.json,
Odd A batch closed by B,fnv,6,208725524,recorded,0.97561,0.975609756097561,0.4839334107626791,False,False,False,,600,0.457321,0.4573208937525396,415.2,False,False,,tournament,601,jobs/odd-a-batch-closed-by-b_fnv/06/result.json,
Odd A batch closed by B,fnv,7,209725527,recorded,1.0,1.0,0.4903794037940379,True,False,True,479,484,1.0,1.0,224.71,False,False,population solved,tournament,485,jobs/odd-a-batch-closed-by-b_fnv/07/result.json,
Odd A batch closed by B,fnv,8,210725530,recorded,0.97561,0.975609756097561,0.4839334107626791,False,False,False,,600,0.418892,0.418891669954738,381.52,False,False,,tournament,601,jobs/odd-a-batch-closed-by-b_fnv/08/result.json,
Odd A batch closed by B,fnv,9,211725533,recorded,0.97561,0.975609756097561,0.4839334107626791,False,False,False,,500,0.672021,0.6720214373012078,600.46,True,False,time cap 600s,tournament,501,jobs/odd-a-batch-closed-by-b_fnv/09/result.json,
Odd A batch closed by B,lut,0,203384053,recorded,0.666667,0.6666666666666666,0.5555555555555555,False,False,False,,600,0.230756,0.2307563709484962,374.57,False,False,,tournament,601,jobs/odd-a-batch-closed-by-b_lut/00/result.json,
Odd A batch closed by B,lut,1,204384056,recorded,0.666667,0.6666666666666666,0.5555555555555555,False,False,False,,313,0.230526,0.2305260580394837,601.28,True,False,time cap 600s,tournament,314,jobs/odd-a-batch-closed-by-b_lut/01/result.json,
Odd A batch closed by B,lut,2,205384059,recorded,0.666667,0.6666666666666666,0.5555555555555555,False,False,False,,600,0.226044,0.2260435250534073,329.99,False,False,,tournament,601,jobs/odd-a-batch-closed-by-b_lut/02/result.json,
Odd A batch closed by B,lut,3,206384062,recorded,0.666667,0.6666666666666666,0.5555555555555555,False,False,False,,600,0.190825,0.19082517690287146,420.81,False,False,,tournament,601,jobs/odd-a-batch-closed-by-b_lut/03/result.json,
Odd A batch closed by B,lut,4,207384065,recorded,0.645161,0.6451612903225806,0.5261648745519714,False,False,False,,600,0.183462,0.1834623475314937,377.42,False,False,,tournament,601,jobs/odd-a-batch-closed-by-b_lut/04/result.json,
Odd A batch closed by B,lut,5,208384068,recorded,0.645161,0.6451612903225806,0.43010752688172044,False,False,False,,296,0.190004,0.19000365085754078,601.96,True,False,time cap 600s,tournament,297,jobs/odd-a-batch-closed-by-b_lut/05/result.json,
Odd A batch closed by B,lut,6,209384071,recorded,0.727273,0.7272727272727274,0.22896900695762176,False,False,False,,600,0.24868,0.24867999164477955,356.09,False,False,,tournament,601,jobs/odd-a-batch-closed-by-b_lut/06/result.json,
Odd A batch closed by B,lut,7,210384074,recorded,0.666667,0.6666666666666666,0.4966717222783957,False,False,False,,600,0.211732,0.21173204292657666,346.31,False,False,,tournament,601,jobs/odd-a-batch-closed-by-b_lut/07/result.json,
Odd A batch closed by B,lut,8,211384077,recorded,0.677966,0.6779661016949152,0.4228803102414948,False,False,False,,600,0.214972,0.21497177607314885,418.35,False,False,,tournament,601,jobs/odd-a-batch-closed-by-b_lut/08/result.json,
Odd A batch closed by B,lut,9,212384080,recorded,0.645161,0.6451612903225806,0.2579266611524676,False,False,False,,293,0.204658,0.20465828021455706,601.51,True,False,time cap 600s,tournament,294,jobs/odd-a-batch-closed-by-b_lut/09/result.json,
Odd A batch closed by B,nervous,0,202743127,recorded,0.97561,0.975609756097561,0.8959156785243741,False,False,False,,600,0.462838,0.4628376634140027,280.39,False,False,,tournament,601,jobs/odd-a-batch-closed-by-b_nervous/00/result.json,
Odd A batch closed by B,nervous,1,203743130,recorded,0.974359,0.9743589743589743,0.9183920762868132,False,False,False,,600,0.417988,0.41798762040192383,535.06,False,False,,tournament,601,jobs/odd-a-batch-closed-by-b_nervous/01/result.json,
Odd A batch closed by B,nervous,2,204743133,recorded,0.727273,0.7272727272727273,0.694401643554186,False,False,False,,600,0.316013,0.3160131520665805,226.33,False,False,,tournament,601,jobs/odd-a-batch-closed-by-b_nervous/02/result.json,
Odd A batch closed by B,nervous,3,205743136,recorded,0.97561,0.975609756097561,0.975609756097561,False,False,False,,600,0.422538,0.4225378170717317,300.04,False,False,,tournament,601,jobs/odd-a-batch-closed-by-b_nervous/03/result.json,
Odd A batch closed by B,nervous,4,206743139,recorded,1.0,1.0,1.0,True,True,True,118,122,1.0,1.0,34.1,False,False,population solved,tournament,123,jobs/odd-a-batch-closed-by-b_nervous/04/result.json,
Odd A batch closed by B,nervous,5,207743142,recorded,0.97561,0.975609756097561,0.975609756097561,False,False,False,,490,0.365541,0.365541009320451,600.89,True,False,time cap 600s,tournament,491,jobs/odd-a-batch-closed-by-b_nervous/05/result.json,
Odd A batch closed by B,nervous,6,208743145,recorded,0.97561,0.975609756097561,0.975609756097561,False,False,False,,600,0.217718,0.21771801110566438,285.01,False,False,,tournament,601,jobs/odd-a-batch-closed-by-b_nervous/06/result.json,
Odd A batch closed by B,nervous,7,209743148,recorded,0.97561,0.975609756097561,0.975609756097561,False,False,False,,600,0.402216,0.40221601989416433,287.26,False,False,,tournament,601,jobs/odd-a-batch-closed-by-b_nervous/07/result.json,
Odd A batch closed by B,nervous,8,210743151,recorded,0.769231,0.7692307692307693,0.6098901098901099,False,False,False,,600,0.488405,0.4884046181439958,289.14,False,False,,tournament,601,jobs/odd-a-batch-closed-by-b_nervous/08/result.json,
Odd A batch closed by B,nervous,9,211743154,recorded,0.780488,0.7804878048780488,0.6098290598290599,False,False,False,,578,0.454671,0.4546705360246172,600.97,True,False,time cap 600s,tournament,579,jobs/odd-a-batch-closed-by-b_nervous/09/result.json,
Odd pulse selector,fnv,0,202783009,recorded,0.632128,0.6321281517702344,0.6202392241595688,False,False,False,,600,0.463847,0.463847180959183,324.56,False,False,,tournament,601,jobs/odd-pulse-selector_fnv/00/result.json,
Odd pulse selector,fnv,1,203783012,recorded,0.556404,0.5564040222051155,0.556052852601827,False,False,False,,359,0.368864,0.36886385984255726,600.42,True,False,time cap 600s,tournament,360,jobs/odd-pulse-selector_fnv/01/result.json,
Odd pulse selector,fnv,2,204783015,recorded,0.630017,0.6300165541911003,0.6300165541911003,False,False,False,,600,0.407166,0.40716647231402725,375.42,False,False,,tournament,601,jobs/odd-pulse-selector_fnv/02/result.json,
Odd pulse selector,fnv,3,205783018,recorded,0.632128,0.6321281517702344,0.6202392241595688,False,False,False,,600,0.394244,0.3942439752101911,435.83,False,False,,tournament,601,jobs/odd-pulse-selector_fnv/03/result.json,
Odd pulse selector,fnv,4,206783021,recorded,0.630017,0.6300165541911003,0.6300165541911003,False,False,False,,600,0.396979,0.3969794904125297,360.51,False,False,,tournament,601,jobs/odd-pulse-selector_fnv/04/result.json,
Odd pulse selector,fnv,5,207783024,recorded,0.632128,0.6321281517702344,0.6202392241595688,False,False,False,,447,0.398181,0.3981807590650874,601.33,True,False,time cap 600s,tournament,448,jobs/odd-pulse-selector_fnv/05/result.json,
Odd pulse selector,fnv,6,208783027,recorded,0.632128,0.6321281517702344,0.6202392241595688,False,False,False,,600,0.434455,0.4344547680223395,508.77,False,False,,tournament,601,jobs/odd-pulse-selector_fnv/06/result.json,
Odd pulse selector,fnv,7,209783030,recorded,0.630017,0.6300165541911003,0.6300165541911003,False,False,False,,600,0.413277,0.41327696319541884,391.23,False,False,,tournament,601,jobs/odd-pulse-selector_fnv/07/result.json,
Odd pulse selector,fnv,8,210783033,recorded,0.644027,0.644027260075672,0.6085179337570435,False,False,False,,600,0.422357,0.4223568637373355,398.71,False,False,,tournament,601,jobs/odd-pulse-selector_fnv/08/result.json,
Odd pulse selector,fnv,9,211783036,recorded,0.630017,0.6300165541911003,0.6300165541911003,False,False,False,,414,0.352879,0.35287861618606825,601.05,True,False,time cap 600s,tournament,415,jobs/odd-pulse-selector_fnv/09/result.json,
One-shot (12 seconds),fnv,0,203487159,recorded,0.881771,0.8817708333333334,0.7666150242504409,False,False,False,,600,0.552861,0.5528611165488923,561.73,False,False,,tournament,601,jobs/one-shot-12-seconds_fnv/00/result.json,
One-shot (12 seconds),fnv,1,204487162,recorded,0.928375,0.9283750000000001,0.9252083333333334,False,False,False,,600,0.481778,0.4817780528116809,478.22,False,False,,tournament,601,jobs/one-shot-12-seconds_fnv/01/result.json,
One-shot (12 seconds),fnv,2,205487165,recorded,0.924,0.924,0.9204583333333334,False,False,False,,600,0.528996,0.5289958726737821,301.39,False,False,,tournament,601,jobs/one-shot-12-seconds_fnv/02/result.json,
One-shot (12 seconds),fnv,3,206487168,recorded,0.924,0.924,0.9204583333333334,False,False,False,,600,0.470383,0.47038330187134064,280.47,False,False,,tournament,601,jobs/one-shot-12-seconds_fnv/03/result.json,
One-shot (12 seconds),fnv,4,207487171,recorded,0.924,0.924,0.9204583333333334,False,False,False,,600,0.619931,0.6199313039570583,400.56,False,False,,tournament,601,jobs/one-shot-12-seconds_fnv/04/result.json,
One-shot (12 seconds),fnv,5,208487174,recorded,0.924,0.924,0.9204583333333334,False,False,False,,345,0.510987,0.5109870484400657,602.49,True,False,time cap 600s,tournament,346,jobs/one-shot-12-seconds_fnv/05/result.json,
One-shot (12 seconds),fnv,6,209487177,recorded,0.924,0.924,0.9204583333333334,False,False,False,,600,0.442311,0.4423107536261631,356.94,False,False,,tournament,601,jobs/one-shot-12-seconds_fnv/06/result.json,
One-shot (12 seconds),fnv,7,210487180,recorded,0.924,0.924,0.9204583333333334,False,False,False,,600,0.577621,0.5776211122928796,249.94,False,False,,tournament,601,jobs/one-shot-12-seconds_fnv/07/result.json,
One-shot (12 seconds),fnv,8,211487183,recorded,0.924,0.924,0.9204583333333334,False,False,False,,600,0.638733,0.6387334274083197,163.04,False,False,,tournament,601,jobs/one-shot-12-seconds_fnv/08/result.json,
One-shot (12 seconds),fnv,9,212487186,recorded,0.924,0.924,0.9204583333333334,False,False,False,,343,0.475211,0.4752114498362378,601.77,True,False,time cap 600s,tournament,344,jobs/one-shot-12-seconds_fnv/09/result.json,
One-shot (12 seconds),lut,0,203215585,recorded,0.281372,0.28137193045055153,0.24252014678592482,False,False,False,,600,0.176443,0.17644287070394676,515.69,False,False,,tournament,601,jobs/one-shot-12-seconds_lut/00/result.json,
One-shot (12 seconds),lut,1,204215588,recorded,0.303125,0.3031247249187713,0.226686052716529,False,False,False,,600,0.148953,0.14895252552670582,585.05,False,False,,tournament,601,jobs/one-shot-12-seconds_lut/01/result.json,
One-shot (12 seconds),lut,2,205215591,recorded,0.263437,0.2634369886134554,0.265894638410395,False,False,False,,600,0.132818,0.13281794372372277,568.73,False,False,,tournament,601,jobs/one-shot-12-seconds_lut/02/result.json,
One-shot (12 seconds),lut,3,206215594,recorded,0.263437,0.2634369886134554,0.265894638410395,False,False,False,,600,0.168418,0.16841755622236862,482.81,False,False,,tournament,601,jobs/one-shot-12-seconds_lut/03/result.json,
One-shot (12 seconds),lut,4,207215597,recorded,0.263437,0.2634369886134554,0.265894638410395,False,False,False,,600,0.169639,0.1696394693969681,554.53,False,False,,tournament,601,jobs/one-shot-12-seconds_lut/04/result.json,
One-shot (12 seconds),lut,5,208215600,recorded,0.281372,0.28137193045055153,0.160678944448987,False,False,False,,196,0.134056,0.13405591404940853,602.17,True,False,time cap 600s,tournament,197,jobs/one-shot-12-seconds_lut/05/result.json,
One-shot (12 seconds),lut,6,209215603,recorded,0.263437,0.2634369886134554,0.265894638410395,False,False,False,,600,0.150265,0.15026525115428424,555.77,False,False,,tournament,601,jobs/one-shot-12-seconds_lut/06/result.json,
One-shot (12 seconds),lut,7,210215606,recorded,0.312622,0.3126218972621151,0.16471394956867383,False,False,False,,600,0.153555,0.15355541111521862,572.97,False,False,,tournament,601,jobs/one-shot-12-seconds_lut/07/result.json,
One-shot (12 seconds),lut,8,211215609,recorded,0.263437,0.2634369886134554,0.1578703684483502,False,False,False,,600,0.127291,0.1272912329727047,567.06,False,False,,tournament,601,jobs/one-shot-12-seconds_lut/08/result.json,
One-shot (12 seconds),lut,9,212215612,recorded,0.263437,0.2634369886134554,0.265894638410395,False,False,False,,240,0.115034,0.11503353387078072,602.03,True,False,time cap 600s,tournament,241,jobs/one-shot-12-seconds_lut/09/result.json,
One-shot (12 seconds),nervous,0,203550196,recorded,0.898132,0.8981317544417293,0.7571185565416947,False,False,False,,600,0.508736,0.5087359864482452,253.91,False,False,,tournament,601,jobs/one-shot-12-seconds_nervous/00/result.json,
One-shot (12 seconds),nervous,1,204550199,recorded,0.948926,0.948925959142644,0.7453175806160782,False,False,False,,600,0.413247,0.4132468641840852,284.81,False,False,,tournament,601,jobs/one-shot-12-seconds_nervous/01/result.json,
One-shot (12 seconds),nervous,2,205550202,recorded,1.0,1.0,0.8183333333333334,True,False,True,451,454,1.0,1.0,214.05,False,False,population solved,tournament,455,jobs/one-shot-12-seconds_nervous/02/result.json,
One-shot (12 seconds),nervous,3,206550205,recorded,1.0,1.0,1.0,True,True,True,498,501,1.0,1.0,195.79,False,False,population solved,tournament,502,jobs/one-shot-12-seconds_nervous/03/result.json,
One-shot (12 seconds),nervous,4,207550208,recorded,0.936757,0.9367570076182333,0.6669468785698486,False,False,False,,600,0.330001,0.3300009574424182,295.4,False,False,,tournament,601,jobs/one-shot-12-seconds_nervous/04/result.json,
One-shot (12 seconds),nervous,5,208550211,recorded,0.899582,0.8995822351201184,0.7566400215614181,False,False,False,,427,0.415428,0.41542789196868674,600.97,True,False,time cap 600s,tournament,428,jobs/one-shot-12-seconds_nervous/05/result.json,
One-shot (12 seconds),nervous,6,209550214,recorded,0.873777,0.873777217035064,0.7483850554013358,False,False,False,,600,0.50664,0.5066402839944971,229.19,False,False,,tournament,601,jobs/one-shot-12-seconds_nervous/06/result.json,
One-shot (12 seconds),nervous,7,210550217,recorded,1.0,1.0,0.8592283080244213,True,False,True,261,267,1.0,1.0,113.98,False,False,population solved,tournament,268,jobs/one-shot-12-seconds_nervous/07/result.json,
One-shot (12 seconds),nervous,8,211550220,recorded,0.889684,0.8896841925600338,0.6605588860797904,False,False,False,,600,0.362585,0.3625849801486537,241.83,False,False,,tournament,601,jobs/one-shot-12-seconds_nervous/08/result.json,
One-shot (12 seconds),nervous,9,212550223,recorded,1.0,1.0,0.776814069321755,True,False,True,287,291,1.0,1.0,297.46,False,False,population solved,tournament,292,jobs/one-shot-12-seconds_nervous/09/result.json,
OR (temporal),fnv,0,202817938,recorded,1.0,1.0,1.0,True,True,True,14,16,1.0,1.0,2.82,False,False,population solved,lexicase,17,jobs/or-temporal_fnv/00/result.json,
OR (temporal),fnv,1,203817941,recorded,1.0,1.0,1.0,True,True,True,12,15,1.0,1.0,2.18,False,False,population solved,lexicase,16,jobs/or-temporal_fnv/01/result.json,
OR (temporal),fnv,2,204817944,recorded,1.0,1.0,1.0,True,True,True,3,5,1.0,1.0,1.12,False,False,population solved,lexicase,6,jobs/or-temporal_fnv/02/result.json,
OR (temporal),fnv,3,205817947,recorded,1.0,1.0,1.0,True,True,True,252,254,1.0,1.0,134.34,False,False,population solved,lexicase,255,jobs/or-temporal_fnv/03/result.json,
OR (temporal),fnv,4,206817950,recorded,1.0,1.0,1.0,True,True,True,115,117,1.0,1.0,39.66,False,False,population solved,lexicase,118,jobs/or-temporal_fnv/04/result.json,
OR (temporal),fnv,5,207817953,recorded,1.0,1.0,1.0,True,True,True,32,34,1.0,1.0,14.97,False,False,population solved,lexicase,35,jobs/or-temporal_fnv/05/result.json,
OR (temporal),fnv,6,208817956,recorded,1.0,1.0,1.0,True,True,True,8,11,1.0,1.0,2.01,False,False,population solved,lexicase,12,jobs/or-temporal_fnv/06/result.json,
OR (temporal),fnv,7,209817959,recorded,1.0,1.0,1.0,True,True,True,40,42,1.0,1.0,8.53,False,False,population solved,lexicase,43,jobs/or-temporal_fnv/07/result.json,
OR (temporal),fnv,8,210817962,recorded,1.0,1.0,1.0,True,True,True,7,10,1.0,1.0,1.81,False,False,population solved,lexicase,11,jobs/or-temporal_fnv/08/result.json,
OR (temporal),fnv,9,211817965,recorded,1.0,1.0,1.0,True,True,True,7,9,1.0,1.0,1.51,False,False,population solved,lexicase,10,jobs/or-temporal_fnv/09/result.json,
OR (temporal),lut,0,202724038,recorded,1.0,1.0,1.0,True,True,True,1,4,1.0,1.0,7.17,False,False,population solved,lexicase,5,jobs/or-temporal_lut/00/result.json,
OR (temporal),lut,1,203724041,recorded,1.0,1.0,1.0,True,True,True,2,5,1.0,1.0,23.11,False,False,population solved,lexicase,6,jobs/or-temporal_lut/01/result.json,
OR (temporal),lut,2,204724044,recorded,1.0,1.0,1.0,True,True,True,1,4,1.0,1.0,7.28,False,False,population solved,lexicase,5,jobs/or-temporal_lut/02/result.json,
OR (temporal),lut,3,205724047,recorded,1.0,1.0,1.0,True,True,True,1,4,1.0,1.0,7.5,False,False,population solved,lexicase,5,jobs/or-temporal_lut/03/result.json,
OR (temporal),lut,4,206724050,recorded,1.0,1.0,1.0,True,True,True,1,4,1.0,1.0,7.4,False,False,population solved,lexicase,5,jobs/or-temporal_lut/04/result.json,
OR (temporal),lut,5,207724053,recorded,1.0,1.0,1.0,True,True,True,3,5,1.0,1.0,22.78,False,False,population solved,lexicase,6,jobs/or-temporal_lut/05/result.json,
OR (temporal),lut,6,208724056,recorded,1.0,1.0,1.0,True,True,True,1,4,1.0,1.0,7.03,False,False,population solved,lexicase,5,jobs/or-temporal_lut/06/result.json,
OR (temporal),lut,7,209724059,recorded,1.0,1.0,1.0,True,True,True,27,30,1.0,1.0,34.38,False,False,population solved,lexicase,31,jobs/or-temporal_lut/07/result.json,
OR (temporal),lut,8,210724062,recorded,1.0,1.0,1.0,True,True,True,2,4,1.0,1.0,7.19,False,False,population solved,lexicase,5,jobs/or-temporal_lut/08/result.json,
OR (temporal),lut,9,211724065,recorded,1.0,1.0,1.0,True,True,True,1,4,1.0,1.0,17.3,False,False,population solved,lexicase,5,jobs/or-temporal_lut/09/result.json,
OR (temporal),nervous,0,202752554,recorded,1.0,1.0,1.0,True,True,True,1,4,1.0,1.0,2.65,False,False,population solved,lexicase,5,jobs/or-temporal_nervous/00/result.json,
OR (temporal),nervous,1,203752557,recorded,1.0,1.0,1.0,True,True,True,6,9,1.0,1.0,6.6,False,False,population solved,lexicase,10,jobs/or-temporal_nervous/01/result.json,
OR (temporal),nervous,2,204752560,recorded,1.0,1.0,1.0,True,True,True,3,8,1.0,1.0,3.17,False,False,population solved,lexicase,9,jobs/or-temporal_nervous/02/result.json,
OR (temporal),nervous,3,205752563,recorded,1.0,1.0,1.0,True,True,True,4,7,1.0,1.0,3.15,False,False,population solved,lexicase,8,jobs/or-temporal_nervous/03/result.json,
OR (temporal),nervous,4,206752566,recorded,1.0,1.0,1.0,True,True,True,2,5,1.0,1.0,2.95,False,False,population solved,lexicase,6,jobs/or-temporal_nervous/04/result.json,
OR (temporal),nervous,5,207752569,recorded,1.0,1.0,1.0,True,True,True,2,5,1.0,1.0,3.18,False,False,population solved,lexicase,6,jobs/or-temporal_nervous/05/result.json,
OR (temporal),nervous,6,208752572,recorded,1.0,1.0,1.0,True,True,True,4,8,1.0,1.0,3.21,False,False,population solved,lexicase,9,jobs/or-temporal_nervous/06/result.json,
OR (temporal),nervous,7,209752575,recorded,1.0,1.0,1.0,True,True,True,2,5,1.0,1.0,3.32,False,False,population solved,lexicase,6,jobs/or-temporal_nervous/07/result.json,
OR (temporal),nervous,8,210752578,recorded,1.0,1.0,1.0,True,True,True,4,7,1.0,1.0,3.37,False,False,population solved,lexicase,8,jobs/or-temporal_nervous/08/result.json,
OR (temporal),nervous,9,211752581,recorded,1.0,1.0,1.0,True,True,True,1,5,1.0,1.0,2.7,False,False,population solved,lexicase,6,jobs/or-temporal_nervous/09/result.json,
OR,fnv,0,203009821,recorded,1.0,1.0,1.0,True,True,True,3,6,1.0,1.0,1.1,False,False,population solved,lexicase,7,jobs/or_fnv/00/result.json,
OR,fnv,1,204009824,recorded,1.0,1.0,1.0,True,True,True,3,6,1.0,1.0,0.98,False,False,population solved,lexicase,7,jobs/or_fnv/01/result.json,
OR,fnv,2,205009827,recorded,1.0,1.0,1.0,True,True,True,16,18,1.0,1.0,2.08,False,False,population solved,lexicase,19,jobs/or_fnv/02/result.json,
OR,fnv,3,206009830,recorded,1.0,1.0,1.0,True,True,True,4,6,1.0,1.0,1.11,False,False,population solved,lexicase,7,jobs/or_fnv/03/result.json,
OR,fnv,4,207009833,recorded,1.0,1.0,1.0,True,True,True,4,6,1.0,1.0,1.13,False,False,population solved,lexicase,7,jobs/or_fnv/04/result.json,
OR,fnv,5,208009836,recorded,1.0,1.0,1.0,True,True,True,13,17,1.0,1.0,1.9,False,False,population solved,lexicase,18,jobs/or_fnv/05/result.json,
OR,fnv,6,209009839,recorded,1.0,1.0,1.0,True,True,True,2,4,1.0,1.0,0.95,False,False,population solved,lexicase,5,jobs/or_fnv/06/result.json,
OR,fnv,7,210009842,recorded,1.0,1.0,1.0,True,True,True,3,6,1.0,1.0,1.12,False,False,population solved,lexicase,7,jobs/or_fnv/07/result.json,
OR,fnv,8,211009845,recorded,1.0,1.0,1.0,True,True,True,12,15,1.0,1.0,1.92,False,False,population solved,lexicase,16,jobs/or_fnv/08/result.json,
OR,fnv,9,212009848,recorded,1.0,1.0,1.0,True,True,True,3,6,1.0,1.0,0.94,False,False,population solved,lexicase,7,jobs/or_fnv/09/result.json,
OR,lut,0,203500980,recorded,1.0,1.0,0.642361111111111,True,False,True,4,6,1.0,1.0,5.46,False,False,population solved,lexicase,7,jobs/or_lut/00/result.json,
OR,lut,1,204500983,recorded,1.0,1.0,1.0,True,True,True,1,4,1.0,1.0,6.9,False,False,population solved,lexicase,5,jobs/or_lut/01/result.json,
OR,lut,2,205500986,recorded,1.0,1.0,1.0,True,True,True,1,4,1.0,1.0,4.4,False,False,population solved,lexicase,5,jobs/or_lut/02/result.json,
OR,lut,3,206500989,recorded,1.0,1.0,1.0,True,True,True,1,3,1.0,1.0,3.86,False,False,population solved,lexicase,4,jobs/or_lut/03/result.json,
OR,lut,4,207500992,recorded,1.0,1.0,1.0,True,True,True,1,4,1.0,1.0,4.9,False,False,population solved,lexicase,5,jobs/or_lut/04/result.json,
OR,lut,5,208500995,recorded,1.0,1.0,1.0,True,True,True,20,21,1.0,1.0,47.91,False,False,population solved,lexicase,22,jobs/or_lut/05/result.json,
OR,lut,6,209500998,recorded,1.0,1.0,0.8333333333333334,True,False,True,3,6,1.0,1.0,5.44,False,False,population solved,lexicase,7,jobs/or_lut/06/result.json,
OR,lut,7,210501001,recorded,1.0,1.0,1.0,True,True,True,1,4,1.0,1.0,4.4,False,False,population solved,lexicase,5,jobs/or_lut/07/result.json,
OR,lut,8,211501004,recorded,1.0,1.0,1.0,True,True,True,3,6,1.0,1.0,5.55,False,False,population solved,lexicase,7,jobs/or_lut/08/result.json,
OR,lut,9,212501007,recorded,1.0,1.0,1.0,True,True,True,2,5,1.0,1.0,10.3,False,False,population solved,lexicase,6,jobs/or_lut/09/result.json,
Oscillator,fnv,0,202955375,recorded,1.0,1.0,,True,False,True,193,198,1.0,1.0,181.39,False,False,population solved,tournament,199,jobs/oscillator_fnv/00/result.json,
Oscillator,fnv,1,203955378,recorded,0.705769,0.7057692307692308,,False,False,False,,600,0.111325,0.11132478632478633,499.79,False,False,,tournament,601,jobs/oscillator_fnv/01/result.json,
Oscillator,fnv,2,204955381,recorded,1.0,1.0,,True,False,True,479,483,1.0,1.0,334.45,False,False,population solved,tournament,484,jobs/oscillator_fnv/02/result.json,
Oscillator,fnv,3,205955384,recorded,1.0,1.0,,True,False,True,231,235,1.0,1.0,189.25,False,False,population solved,tournament,236,jobs/oscillator_fnv/03/result.json,
Oscillator,fnv,4,206955387,recorded,1.0,1.0,,True,False,True,137,141,1.0,1.0,37.87,False,False,population solved,tournament,142,jobs/oscillator_fnv/04/result.json,
Oscillator,fnv,5,207955390,recorded,1.0,1.0,,True,False,True,471,476,1.0,1.0,321.92,False,False,population solved,tournament,477,jobs/oscillator_fnv/05/result.json,
Oscillator,fnv,6,208955393,recorded,1.0,1.0,,True,False,True,362,366,1.0,1.0,238.63,False,False,population solved,tournament,367,jobs/oscillator_fnv/06/result.json,
Oscillator,fnv,7,209955396,recorded,1.0,1.0,,True,False,True,222,228,1.0,1.0,91.22,False,False,population solved,tournament,229,jobs/oscillator_fnv/07/result.json,
Oscillator,fnv,8,210955399,recorded,0.05,0.05000000000000001,,False,False,False,,600,0.0225,0.022500000000000006,502.26,False,False,,tournament,601,jobs/oscillator_fnv/08/result.json,
Oscillator,fnv,9,211955402,recorded,0.815278,0.8152777777777778,,False,False,False,,600,0.279671,0.27967058404558404,410.52,False,False,,tournament,601,jobs/oscillator_fnv/09/result.json,
Oscillator,lut,0,203134839,recorded,1.0,1.0,,True,False,True,123,127,1.0,1.0,60.79,False,False,population solved,tournament,128,jobs/oscillator_lut/00/result.json,
Oscillator,lut,1,204134842,recorded,1.0,1.0,,True,False,True,363,367,1.0,1.0,196.9,False,False,population solved,tournament,368,jobs/oscillator_lut/01/result.json,
Oscillator,lut,2,205134845,recorded,1.0,1.0,,True,False,True,51,55,1.0,1.0,22.33,False,False,population solved,tournament,56,jobs/oscillator_lut/02/result.json,
Oscillator,lut,3,206134848,recorded,1.0,1.0,,True,False,True,27,31,1.0,1.0,27.98,False,False,population solved,tournament,32,jobs/oscillator_lut/03/result.json,
Oscillator,lut,4,207134851,recorded,1.0,1.0,,True,False,True,75,78,1.0,1.0,40.9,False,False,population solved,tournament,79,jobs/oscillator_lut/04/result.json,
Oscillator,lut,5,208134854,recorded,1.0,1.0,,True,False,True,4,7,1.0,1.0,3.7,False,False,population solved,tournament,8,jobs/oscillator_lut/05/result.json,
Oscillator,lut,6,209134857,recorded,1.0,1.0,,True,False,True,142,145,1.0,1.0,74.48,False,False,population solved,tournament,146,jobs/oscillator_lut/06/result.json,
Oscillator,lut,7,210134860,recorded,1.0,1.0,,True,False,True,154,157,1.0,1.0,77.1,False,False,population solved,tournament,158,jobs/oscillator_lut/07/result.json,
Oscillator,lut,8,211134863,recorded,1.0,1.0,,True,False,True,9,13,1.0,1.0,5.12,False,False,population solved,tournament,14,jobs/oscillator_lut/08/result.json,
Oscillator,lut,9,212134866,recorded,1.0,1.0,,True,False,True,52,55,1.0,1.0,17.78,False,False,population solved,tournament,56,jobs/oscillator_lut/09/result.json,
Oscillator,nervous,0,202830841,recorded,1.0,1.0,,True,False,True,109,114,1.0,1.0,87.04,False,False,population solved,tournament,115,jobs/oscillator_nervous/00/result.json,
Oscillator,nervous,1,203830844,recorded,1.0,1.0,,True,False,True,12,16,1.0,1.0,4.36,False,False,population solved,tournament,17,jobs/oscillator_nervous/01/result.json,
Oscillator,nervous,2,204830847,recorded,1.0,1.0,,True,False,True,10,15,1.0,1.0,3.94,False,False,population solved,tournament,16,jobs/oscillator_nervous/02/result.json,
Oscillator,nervous,3,205830850,recorded,1.0,1.0,,True,False,True,1,6,1.0,1.0,1.87,False,False,population solved,tournament,7,jobs/oscillator_nervous/03/result.json,
Oscillator,nervous,4,206830853,recorded,1.0,1.0,,True,False,True,100,103,1.0,1.0,23.91,False,False,population solved,tournament,104,jobs/oscillator_nervous/04/result.json,
Oscillator,nervous,5,207830856,recorded,1.0,1.0,,True,False,True,144,147,1.0,1.0,42.12,False,False,population solved,tournament,148,jobs/oscillator_nervous/05/result.json,
Oscillator,nervous,6,208830859,recorded,1.0,1.0,,True,False,True,41,46,1.0,1.0,6.15,False,False,population solved,tournament,47,jobs/oscillator_nervous/06/result.json,
Oscillator,nervous,7,209830862,recorded,1.0,1.0,,True,False,True,11,15,1.0,1.0,3.91,False,False,population solved,tournament,16,jobs/oscillator_nervous/07/result.json,
Oscillator,nervous,8,210830865,recorded,1.0,1.0,,True,False,True,112,118,1.0,1.0,30.1,False,False,population solved,tournament,119,jobs/oscillator_nervous/08/result.json,
Oscillator,nervous,9,211830868,recorded,1.0,1.0,,True,False,True,21,26,1.0,1.0,5.87,False,False,population solved,tournament,27,jobs/oscillator_nervous/09/result.json,
Parity-3 (XOR3) (temporal),fnv,0,203380396,recorded,0.8,0.8000000000000002,0.8000000000000002,False,False,False,,600,0.381204,0.3812037037037037,361.06,False,False,,lexicase,601,jobs/parity-3-xor3-temporal_fnv/00/result.json,
Parity-3 (XOR3) (temporal),fnv,1,204380399,recorded,1.0,1.0,1.0,True,True,True,83,86,1.0,1.0,17.15,False,False,population solved,lexicase,87,jobs/parity-3-xor3-temporal_fnv/01/result.json,
Parity-3 (XOR3) (temporal),fnv,2,205380402,recorded,1.0,1.0,1.0,True,True,True,214,216,1.0,1.0,86.44,False,False,population solved,lexicase,217,jobs/parity-3-xor3-temporal_fnv/02/result.json,
Parity-3 (XOR3) (temporal),fnv,3,206380405,recorded,1.0,1.0,1.0,True,True,True,174,176,1.0,1.0,96.02,False,False,population solved,lexicase,177,jobs/parity-3-xor3-temporal_fnv/03/result.json,
Parity-3 (XOR3) (temporal),fnv,4,207380408,recorded,1.0,1.0,1.0,True,True,True,196,199,1.0,1.0,121.87,False,False,population solved,lexicase,200,jobs/parity-3-xor3-temporal_fnv/04/result.json,
Parity-3 (XOR3) (temporal),fnv,5,208380411,recorded,1.0,1.0,1.0,True,True,True,129,132,1.0,1.0,164.76,False,False,population solved,lexicase,133,jobs/parity-3-xor3-temporal_fnv/05/result.json,
Parity-3 (XOR3) (temporal),fnv,6,209380414,recorded,0.8,0.8000000000000002,0.8000000000000002,False,False,False,,600,0.459612,0.45961233211233216,519.78,False,False,,lexicase,601,jobs/parity-3-xor3-temporal_fnv/06/result.json,
Parity-3 (XOR3) (temporal),fnv,7,210380417,recorded,0.8,0.8000000000000002,0.8000000000000002,False,False,False,,600,0.300785,0.3007848324514991,549.95,False,False,,lexicase,601,jobs/parity-3-xor3-temporal_fnv/07/result.json,
Parity-3 (XOR3) (temporal),fnv,8,211380420,recorded,0.8,0.8000000000000002,0.8000000000000002,False,False,False,,600,0.437744,0.4377441077441077,595.14,False,False,,lexicase,601,jobs/parity-3-xor3-temporal_fnv/08/result.json,
Parity-3 (XOR3) (temporal),fnv,9,212380423,recorded,0.727273,0.7272727272727272,0.7272727272727272,False,False,False,,286,0.376764,0.3767640692640692,602.18,True,False,time cap 600s,lexicase,287,jobs/parity-3-xor3-temporal_fnv/09/result.json,
Parity-3 (XOR3) (temporal),lut,0,202861247,recorded,1.0,1.0,1.0,True,True,True,68,71,1.0,1.0,89.15,False,False,population solved,lexicase,72,jobs/parity-3-xor3-temporal_lut/00/result.json,
Parity-3 (XOR3) (temporal),lut,1,203861250,recorded,1.0,1.0,1.0,True,True,True,162,165,1.0,1.0,237.23,False,False,population solved,lexicase,166,jobs/parity-3-xor3-temporal_lut/01/result.json,
Parity-3 (XOR3) (temporal),lut,2,204861253,recorded,1.0,1.0,1.0,True,True,True,77,80,1.0,1.0,103.16,False,False,population solved,lexicase,81,jobs/parity-3-xor3-temporal_lut/02/result.json,
Parity-3 (XOR3) (temporal),lut,3,205861256,recorded,1.0,1.0,1.0,True,True,True,98,101,1.0,1.0,135.99,False,False,population solved,lexicase,102,jobs/parity-3-xor3-temporal_lut/03/result.json,
Parity-3 (XOR3) (temporal),lut,4,206861259,recorded,1.0,1.0,0.6666666666666666,True,False,True,242,245,1.0,1.0,348.93,False,False,population solved,lexicase,246,jobs/parity-3-xor3-temporal_lut/04/result.json,
Parity-3 (XOR3) (temporal),lut,5,207861262,recorded,0.8,0.8000000000000002,0.8000000000000002,False,False,False,,112,0.389925,0.3899253215919883,604.8,True,False,time cap 600s,lexicase,113,jobs/parity-3-xor3-temporal_lut/05/result.json,
Parity-3 (XOR3) (temporal),lut,6,208861265,recorded,1.0,1.0,1.0,True,True,True,28,31,1.0,1.0,40.94,False,False,population solved,lexicase,32,jobs/parity-3-xor3-temporal_lut/06/result.json,
Parity-3 (XOR3) (temporal),lut,7,209861268,recorded,0.8,0.8000000000000002,0.8000000000000002,False,False,False,,415,0.403227,0.4032267115600449,605.11,True,False,time cap 600s,lexicase,416,jobs/parity-3-xor3-temporal_lut/07/result.json,
Parity-3 (XOR3) (temporal),lut,8,210861271,recorded,1.0,1.0,1.0,True,True,True,106,109,1.0,1.0,132.49,False,False,population solved,lexicase,110,jobs/parity-3-xor3-temporal_lut/08/result.json,
Parity-3 (XOR3) (temporal),lut,9,211861274,recorded,1.0,1.0,1.0,True,True,True,12,15,1.0,1.0,70.45,False,False,population solved,lexicase,16,jobs/parity-3-xor3-temporal_lut/09/result.json,
Parity-3 (XOR3) (temporal),nervous,0,203100759,recorded,0.8,0.8000000000000002,0.8000000000000002,False,False,False,,600,0.330417,0.33041706750040084,166.89,False,False,,lexicase,601,jobs/parity-3-xor3-temporal_nervous/00/result.json,
Parity-3 (XOR3) (temporal),nervous,1,204100762,recorded,0.8,0.8000000000000002,0.8000000000000002,False,False,False,,600,0.369654,0.3696538800705467,119.41,False,False,,lexicase,601,jobs/parity-3-xor3-temporal_nervous/01/result.json,
Parity-3 (XOR3) (temporal),nervous,2,205100765,recorded,0.727273,0.7272727272727272,0.7272727272727272,False,False,False,,600,0.438802,0.4388019079685746,149.04,False,False,,lexicase,601,jobs/parity-3-xor3-temporal_nervous/02/result.json,
Parity-3 (XOR3) (temporal),nervous,3,206100768,recorded,0.727273,0.7272727272727272,0.7272727272727272,False,False,False,,600,0.378448,0.3784476711560045,140.01,False,False,,lexicase,601,jobs/parity-3-xor3-temporal_nervous/03/result.json,
Parity-3 (XOR3) (temporal),nervous,4,207100771,recorded,0.8,0.8000000000000002,0.8000000000000002,False,False,False,,600,0.432625,0.43262506012506013,121.68,False,False,,lexicase,601,jobs/parity-3-xor3-temporal_nervous/04/result.json,
Parity-3 (XOR3) (temporal),nervous,5,208100774,recorded,0.8,0.8000000000000002,0.8000000000000002,False,False,False,,600,0.339368,0.3393679854096521,430.79,False,False,,lexicase,601,jobs/parity-3-xor3-temporal_nervous/05/result.json,
Parity-3 (XOR3) (temporal),nervous,6,209100777,recorded,0.8,0.8000000000000002,0.8000000000000002,False,False,False,,600,0.362132,0.36213243546576884,97.96,False,False,,lexicase,601,jobs/parity-3-xor3-temporal_nervous/06/result.json,
Parity-3 (XOR3) (temporal),nervous,7,210100780,recorded,0.8,0.8000000000000002,0.8000000000000002,False,False,False,,600,0.420858,0.4208582852332852,98.16,False,False,,lexicase,601,jobs/parity-3-xor3-temporal_nervous/07/result.json,
Parity-3 (XOR3) (temporal),nervous,8,211100783,recorded,0.8,0.8000000000000002,0.8000000000000002,False,False,False,,600,0.352324,0.35232363315696646,119.89,False,False,,lexicase,601,jobs/parity-3-xor3-temporal_nervous/08/result.json,
Parity-3 (XOR3) (temporal),nervous,9,212100786,recorded,0.8,0.8000000000000002,0.8000000000000002,False,False,False,,600,0.324409,0.3244085698252365,333.77,False,False,,lexicase,601,jobs/parity-3-xor3-temporal_nervous/09/result.json,
Parity-3 (XOR3),fnv,0,202922401,recorded,1.0,1.0,1.0,True,True,True,4,7,1.0,1.0,1.21,False,False,population solved,lexicase,8,jobs/parity-3-xor3_fnv/00/result.json,
Parity-3 (XOR3),fnv,1,203922404,recorded,1.0,1.0,1.0,True,True,True,17,20,1.0,1.0,2.44,False,False,population solved,lexicase,21,jobs/parity-3-xor3_fnv/01/result.json,
Parity-3 (XOR3),fnv,2,204922407,recorded,1.0,1.0,1.0,True,True,True,9,12,1.0,1.0,1.68,False,False,population solved,lexicase,13,jobs/parity-3-xor3_fnv/02/result.json,
Parity-3 (XOR3),fnv,3,205922410,recorded,1.0,1.0,1.0,True,True,True,29,32,1.0,1.0,3.67,False,False,population solved,lexicase,33,jobs/parity-3-xor3_fnv/03/result.json,
Parity-3 (XOR3),fnv,4,206922413,recorded,1.0,1.0,1.0,True,True,True,19,22,1.0,1.0,2.57,False,False,population solved,lexicase,23,jobs/parity-3-xor3_fnv/04/result.json,
Parity-3 (XOR3),fnv,5,207922416,recorded,1.0,1.0,1.0,True,True,True,22,25,1.0,1.0,2.99,False,False,population solved,lexicase,26,jobs/parity-3-xor3_fnv/05/result.json,
Parity-3 (XOR3),fnv,6,208922419,recorded,1.0,1.0,1.0,True,True,True,15,18,1.0,1.0,2.03,False,False,population solved,lexicase,19,jobs/parity-3-xor3_fnv/06/result.json,
Parity-3 (XOR3),fnv,7,209922422,recorded,1.0,1.0,1.0,True,True,True,24,27,1.0,1.0,2.9,False,False,population solved,lexicase,28,jobs/parity-3-xor3_fnv/07/result.json,
Parity-3 (XOR3),fnv,8,210922425,recorded,1.0,1.0,1.0,True,True,True,11,14,1.0,1.0,2.03,False,False,population solved,lexicase,15,jobs/parity-3-xor3_fnv/08/result.json,
Parity-3 (XOR3),fnv,9,211922428,recorded,1.0,1.0,1.0,True,True,True,20,23,1.0,1.0,2.34,False,False,population solved,lexicase,24,jobs/parity-3-xor3_fnv/09/result.json,
Parity-3 (XOR3),lut,0,203603963,recorded,1.0,1.0,1.0,True,True,True,14,17,1.0,1.0,16.72,False,False,population solved,lexicase,18,jobs/parity-3-xor3_lut/00/result.json,
Parity-3 (XOR3),lut,1,204603966,recorded,1.0,1.0,1.0,True,True,True,34,38,1.0,1.0,36.99,False,False,population solved,lexicase,39,jobs/parity-3-xor3_lut/01/result.json,
Parity-3 (XOR3),lut,2,205603969,recorded,1.0,1.0,1.0,True,True,True,78,82,1.0,1.0,75.25,False,False,population solved,lexicase,83,jobs/parity-3-xor3_lut/02/result.json,
Parity-3 (XOR3),lut,3,206603972,recorded,1.0,1.0,1.0,True,True,True,11,14,1.0,1.0,15.75,False,False,population solved,lexicase,15,jobs/parity-3-xor3_lut/03/result.json,
Parity-3 (XOR3),lut,4,207603975,recorded,1.0,1.0,1.0,True,True,True,35,39,1.0,1.0,38.8,False,False,population solved,lexicase,40,jobs/parity-3-xor3_lut/04/result.json,
Parity-3 (XOR3),lut,5,208603978,recorded,1.0,1.0,1.0,True,True,True,7,10,1.0,1.0,51.26,False,False,population solved,lexicase,11,jobs/parity-3-xor3_lut/05/result.json,
Parity-3 (XOR3),lut,6,209603981,recorded,1.0,1.0,1.0,True,True,True,7,10,1.0,1.0,11.29,False,False,population solved,lexicase,11,jobs/parity-3-xor3_lut/06/result.json,
Parity-3 (XOR3),lut,7,210603984,recorded,1.0,1.0,1.0,True,True,True,113,116,1.0,1.0,104.88,False,False,population solved,lexicase,117,jobs/parity-3-xor3_lut/07/result.json,
Parity-3 (XOR3),lut,8,211603987,recorded,1.0,1.0,1.0,True,True,True,28,30,1.0,1.0,28.85,False,False,population solved,lexicase,31,jobs/parity-3-xor3_lut/08/result.json,
Parity-3 (XOR3),lut,9,212603990,recorded,0.875,0.875,0.875,False,False,False,,148,0.544792,0.5447916666666667,602.93,True,False,time cap 600s,lexicase,149,jobs/parity-3-xor3_lut/09/result.json,
Pattern (1000),fnv,0,202955544,recorded,1.0,1.0,,True,False,True,165,171,1.0,1.0,77.24,False,False,population solved,tournament,172,jobs/pattern-1000_fnv/00/result.json,
Pattern (1000),fnv,1,203955547,recorded,1.0,1.0,,True,False,True,425,429,1.0,1.0,257.59,False,False,population solved,tournament,430,jobs/pattern-1000_fnv/01/result.json,
Pattern (1000),fnv,2,204955550,recorded,1.0,1.0,,True,False,True,142,146,1.0,1.0,61.94,False,False,population solved,tournament,147,jobs/pattern-1000_fnv/02/result.json,
Pattern (1000),fnv,3,205955553,recorded,1.0,1.0,,True,False,True,424,428,1.0,1.0,280.25,False,False,population solved,tournament,429,jobs/pattern-1000_fnv/03/result.json,
Pattern (1000),fnv,4,206955556,recorded,1.0,1.0,,True,False,True,178,182,1.0,1.0,82.59,False,False,population solved,tournament,183,jobs/pattern-1000_fnv/04/result.json,
Pattern (1000),fnv,5,207955559,recorded,0.941667,0.9416666666666668,,False,False,False,,371,0.17549,0.1754901960784314,600.57,True,False,time cap 600s,tournament,372,jobs/pattern-1000_fnv/05/result.json,
Pattern (1000),fnv,6,208955562,recorded,1.0,1.0,,True,False,True,122,126,1.0,1.0,30.26,False,False,population solved,tournament,127,jobs/pattern-1000_fnv/06/result.json,
Pattern (1000),fnv,7,209955565,recorded,1.0,1.0,,True,False,True,314,318,1.0,1.0,205.61,False,False,population solved,tournament,319,jobs/pattern-1000_fnv/07/result.json,
Pattern (1000),fnv,8,210955568,recorded,1.0,1.0,,True,False,True,164,168,1.0,1.0,67.39,False,False,population solved,tournament,169,jobs/pattern-1000_fnv/08/result.json,
Pattern (1000),fnv,9,211955571,recorded,0.05,0.05000000000000001,,False,False,False,,415,0.024167,0.02416666666666667,600.7,True,False,time cap 600s,tournament,416,jobs/pattern-1000_fnv/09/result.json,
Pattern (1000),lut,0,202634810,recorded,0.825,0.8250000000000001,,False,False,False,,600,0.2175,0.2175,294.7,False,False,,tournament,601,jobs/pattern-1000_lut/00/result.json,
Pattern (1000),lut,1,203634813,recorded,1.0,1.0,,True,False,True,542,546,1.0,1.0,278.11,False,False,population solved,tournament,547,jobs/pattern-1000_lut/01/result.json,
Pattern (1000),lut,2,204634816,recorded,1.0,1.0,,True,False,True,65,68,1.0,1.0,30.58,False,False,population solved,tournament,69,jobs/pattern-1000_lut/02/result.json,
Pattern (1000),lut,3,205634819,recorded,1.0,1.0,,True,False,True,3,7,1.0,1.0,3.85,False,False,population solved,tournament,8,jobs/pattern-1000_lut/03/result.json,
Pattern (1000),lut,4,206634822,recorded,1.0,1.0,,True,False,True,181,185,1.0,1.0,88.49,False,False,population solved,tournament,186,jobs/pattern-1000_lut/04/result.json,
Pattern (1000),lut,5,207634825,recorded,1.0,1.0,,True,False,True,27,30,1.0,1.0,26.9,False,False,population solved,tournament,31,jobs/pattern-1000_lut/05/result.json,
Pattern (1000),lut,6,208634828,recorded,1.0,1.0,,True,False,True,300,303,1.0,1.0,154.54,False,False,population solved,tournament,304,jobs/pattern-1000_lut/06/result.json,
Pattern (1000),lut,7,209634831,recorded,1.0,1.0,,True,False,False,599,600,0.84375,0.84375,347.6,False,False,,tournament,601,jobs/pattern-1000_lut/07/result.json,
Pattern (1000),lut,8,210634834,recorded,1.0,1.0,,True,False,True,128,131,1.0,1.0,57.62,False,False,population solved,tournament,132,jobs/pattern-1000_lut/08/result.json,
Pattern (1000),lut,9,211634837,recorded,1.0,1.0,,True,False,True,203,206,1.0,1.0,239.1,False,False,population solved,tournament,207,jobs/pattern-1000_lut/09/result.json,
Pattern (1000),nervous,0,202680293,recorded,1.0,1.0,,True,False,True,8,12,1.0,1.0,3.19,False,False,population solved,tournament,13,jobs/pattern-1000_nervous/00/result.json,
Pattern (1000),nervous,1,203680296,recorded,1.0,1.0,,True,False,True,36,39,1.0,1.0,10.17,False,False,population solved,tournament,40,jobs/pattern-1000_nervous/01/result.json,
Pattern (1000),nervous,2,204680299,recorded,1.0,1.0,,True,False,True,52,56,1.0,1.0,10.3,False,False,population solved,tournament,57,jobs/pattern-1000_nervous/02/result.json,
Pattern (1000),nervous,3,205680302,recorded,1.0,1.0,,True,False,True,26,31,1.0,1.0,6.81,False,False,population solved,tournament,32,jobs/pattern-1000_nervous/03/result.json,
Pattern (1000),nervous,4,206680305,recorded,1.0,1.0,,True,False,True,24,29,1.0,1.0,5.93,False,False,population solved,tournament,30,jobs/pattern-1000_nervous/04/result.json,
Pattern (1000),nervous,5,207680308,recorded,1.0,1.0,,True,False,True,231,234,1.0,1.0,246.87,False,False,population solved,tournament,235,jobs/pattern-1000_nervous/05/result.json,
Pattern (1000),nervous,6,208680311,recorded,1.0,1.0,,True,False,True,24,29,1.0,1.0,6.8,False,False,population solved,tournament,30,jobs/pattern-1000_nervous/06/result.json,
Pattern (1000),nervous,7,209680314,recorded,1.0,1.0,,True,False,True,59,63,1.0,1.0,11.74,False,False,population solved,tournament,64,jobs/pattern-1000_nervous/07/result.json,
Pattern (1000),nervous,8,210680317,recorded,1.0,1.0,,True,False,True,39,43,1.0,1.0,10.78,False,False,population solved,tournament,44,jobs/pattern-1000_nervous/08/result.json,
Pattern (1000),nervous,9,211680320,recorded,1.0,1.0,,True,False,True,9,13,1.0,1.0,4.48,False,False,population solved,tournament,14,jobs/pattern-1000_nervous/09/result.json,
Period doubler (2x),fnv,0,203319788,recorded,1.0,1.0,1.0,True,True,True,54,59,1.0,1.0,7.89,False,False,population solved,tournament,60,jobs/period-doubler-2x_fnv/00/result.json,
Period doubler (2x),fnv,1,204319791,recorded,1.0,1.0,1.0,True,True,True,12,17,1.0,1.0,2.39,False,False,population solved,tournament,18,jobs/period-doubler-2x_fnv/01/result.json,
Period doubler (2x),fnv,2,205319794,recorded,1.0,1.0,1.0,True,True,True,16,20,1.0,1.0,2.4,False,False,population solved,tournament,21,jobs/period-doubler-2x_fnv/02/result.json,
Period doubler (2x),fnv,3,206319797,recorded,1.0,1.0,1.0,True,True,True,20,30,1.0,1.0,3.38,False,False,population solved,tournament,31,jobs/period-doubler-2x_fnv/03/result.json,
Period doubler (2x),fnv,4,207319800,recorded,1.0,1.0,1.0,True,True,True,27,32,1.0,1.0,3.89,False,False,population solved,tournament,33,jobs/period-doubler-2x_fnv/04/result.json,
Period doubler (2x),fnv,5,208319803,recorded,1.0,1.0,1.0,True,True,True,7,11,1.0,1.0,1.51,False,False,population solved,tournament,12,jobs/period-doubler-2x_fnv/05/result.json,
Period doubler (2x),fnv,6,209319806,recorded,1.0,1.0,1.0,True,True,True,33,40,1.0,1.0,4.58,False,False,population solved,tournament,41,jobs/period-doubler-2x_fnv/06/result.json,
Period doubler (2x),fnv,7,210319809,recorded,1.0,1.0,1.0,True,True,True,8,13,1.0,1.0,1.83,False,False,population solved,tournament,14,jobs/period-doubler-2x_fnv/07/result.json,
Period doubler (2x),fnv,8,211319812,recorded,1.0,1.0,1.0,True,True,True,28,33,1.0,1.0,4.07,False,False,population solved,tournament,34,jobs/period-doubler-2x_fnv/08/result.json,
Period doubler (2x),fnv,9,212319815,recorded,1.0,1.0,1.0,True,True,True,31,37,1.0,1.0,8.16,False,False,population solved,tournament,38,jobs/period-doubler-2x_fnv/09/result.json,
Period doubler (2x),lut,0,202884065,recorded,0.932039,0.9320388349514563,0.9351543806862956,False,False,False,,600,0.243123,0.24312304361999396,420.53,False,False,,tournament,601,jobs/period-doubler-2x_lut/00/result.json,
Period doubler (2x),lut,1,203884068,recorded,0.865979,0.8659793814432989,0.7167664467221773,False,False,False,,600,0.401087,0.4010870357884065,478.03,False,False,,tournament,601,jobs/period-doubler-2x_lut/01/result.json,
Period doubler (2x),lut,2,204884071,recorded,0.820513,0.8205128205128205,0.832936507936508,False,False,False,,600,0.235063,0.23506290227849988,494.27,False,False,,tournament,601,jobs/period-doubler-2x_lut/02/result.json,
Period doubler (2x),lut,3,205884074,recorded,0.865979,0.8659793814432989,0.8685140021865276,False,False,False,,600,0.295429,0.2954287960040818,458.68,False,False,,tournament,601,jobs/period-doubler-2x_lut/03/result.json,
Period doubler (2x),lut,4,206884077,recorded,0.820513,0.8205128205128205,0.6431097801439416,False,False,False,,600,0.241694,0.2416940568030087,459.89,False,False,,tournament,601,jobs/period-doubler-2x_lut/04/result.json,
Period doubler (2x),lut,5,207884080,recorded,0.865979,0.8659793814432989,0.8685140021865276,False,False,False,,257,0.314368,0.3143680350823593,600.91,True,False,time cap 600s,tournament,258,jobs/period-doubler-2x_lut/05/result.json,
Period doubler (2x),lut,6,208884083,recorded,0.865979,0.8659793814432989,0.8685140021865276,False,False,False,,600,0.303324,0.3033240024240973,379.9,False,False,,tournament,601,jobs/period-doubler-2x_lut/06/result.json,
Period doubler (2x),lut,7,209884086,recorded,0.880734,0.8807339449541284,0.4597138871643942,False,False,False,,600,0.169456,0.16945580359302798,411.07,False,False,,tournament,601,jobs/period-doubler-2x_lut/07/result.json,
Period doubler (2x),lut,8,210884089,recorded,0.820513,0.8205128205128205,0.832936507936508,False,False,False,,600,0.30616,0.3061597207389315,483.38,False,False,,tournament,601,jobs/period-doubler-2x_lut/08/result.json,
Period doubler (2x),lut,9,211884092,recorded,0.820513,0.8205128205128205,0.832936507936508,False,False,False,,600,0.257843,0.25784346275841163,412.83,False,False,,tournament,601,jobs/period-doubler-2x_lut/09/result.json,
Period doubler (2x),nervous,0,202859236,recorded,0.914286,0.9142857142857143,0.9102429810591909,False,False,False,,600,0.247973,0.24797291502180543,323.18,False,False,,tournament,601,jobs/period-doubler-2x_nervous/00/result.json,
Period doubler (2x),nervous,1,203859239,recorded,0.72,0.72,0.7255298777037907,False,False,False,,600,0.410438,0.41043755362441847,280.29,False,False,,tournament,601,jobs/period-doubler-2x_nervous/01/result.json,
Period doubler (2x),nervous,2,204859242,recorded,1.0,1.0,1.0,True,True,True,363,366,1.0,1.0,119.58,False,False,population solved,tournament,367,jobs/period-doubler-2x_nervous/02/result.json,
Period doubler (2x),nervous,3,205859245,recorded,0.896552,0.896551724137931,0.8905866204953843,False,False,False,,600,0.38359,0.3835896252737989,313.78,False,False,,tournament,601,jobs/period-doubler-2x_nervous/03/result.json,
Period doubler (2x),nervous,4,206859248,recorded,0.813559,0.8135593220338984,0.8129633486415028,False,False,False,,600,0.334811,0.33481120564695055,278.29,False,False,,tournament,601,jobs/period-doubler-2x_nervous/04/result.json,
Period doubler (2x),nervous,5,207859251,recorded,0.857143,0.8571428571428571,0.8588557790839673,False,False,False,,583,0.347709,0.34770913800854725,602.0,True,False,time cap 600s,tournament,584,jobs/period-doubler-2x_nervous/05/result.json,
Period doubler (2x),nervous,6,208859254,recorded,1.0,1.0,1.0,True,True,True,548,551,1.0,1.0,179.21,False,False,population solved,tournament,552,jobs/period-doubler-2x_nervous/06/result.json,
Period doubler (2x),nervous,7,209859257,recorded,0.721805,0.7218045112781954,0.7171681141439207,False,False,False,,600,0.344219,0.3442188260238654,189.83,False,False,,tournament,601,jobs/period-doubler-2x_nervous/07/result.json,
Period doubler (2x),nervous,8,210859260,recorded,0.914286,0.9142857142857143,0.9102429810591909,False,False,False,,600,0.284163,0.28416259885938694,236.93,False,False,,tournament,601,jobs/period-doubler-2x_nervous/08/result.json,
Period doubler (2x),nervous,9,211859263,recorded,0.896552,0.896551724137931,0.8905866204953843,False,False,False,,600,0.356326,0.35632610191417,560.94,False,False,,tournament,601,jobs/period-doubler-2x_nervous/09/result.json,
Period halver (1/2x),fnv,0,202680575,recorded,0.858156,0.8581560283687942,0.853261359617508,False,False,False,,600,0.478153,0.47815277690733987,383.63,False,False,,tournament,601,jobs/period-halver-1-2x_fnv/00/result.json,
Period halver (1/2x),fnv,1,203680578,recorded,0.858156,0.8581560283687942,0.853261359617508,False,False,False,,600,0.564815,0.5648154932744723,450.98,False,False,,tournament,601,jobs/period-halver-1-2x_fnv/01/result.json,
Period halver (1/2x),fnv,2,204680581,recorded,0.937931,0.9379310344827586,0.9363750177515677,False,False,False,,600,0.505515,0.505515474203339,482.88,False,False,,tournament,601,jobs/period-halver-1-2x_fnv/02/result.json,
Period halver (1/2x),fnv,3,205680584,recorded,0.842466,0.8424657534246576,0.8357469064220343,False,False,False,,600,0.593515,0.5935150236592462,452.09,False,False,,tournament,601,jobs/period-halver-1-2x_fnv/03/result.json,
Period halver (1/2x),fnv,4,206680587,recorded,0.858156,0.8581560283687942,0.853261359617508,False,False,False,,600,0.57456,0.5745603454735311,377.39,False,False,,tournament,601,jobs/period-halver-1-2x_fnv/04/result.json,
Period halver (1/2x),fnv,5,207680590,recorded,0.858156,0.8581560283687942,0.853261359617508,False,False,False,,325,0.382329,0.3823287952100042,602.26,True,False,time cap 600s,tournament,326,jobs/period-halver-1-2x_fnv/05/result.json,
Period halver (1/2x),fnv,6,208680593,recorded,0.858156,0.8581560283687942,0.853261359617508,False,False,False,,600,0.423885,0.42388498201997804,389.98,False,False,,tournament,601,jobs/period-halver-1-2x_fnv/06/result.json,
Period halver (1/2x),fnv,7,209680596,recorded,0.858156,0.8581560283687942,0.853261359617508,False,False,False,,600,0.467501,0.46750100176964465,417.02,False,False,,tournament,601,jobs/period-halver-1-2x_fnv/07/result.json,
Period halver (1/2x),fnv,8,210680599,recorded,0.858156,0.8581560283687942,0.853261359617508,False,False,False,,600,0.295096,0.2950962197034975,404.61,False,False,,tournament,601,jobs/period-halver-1-2x_fnv/08/result.json,
Period halver (1/2x),fnv,9,211680602,recorded,0.858156,0.8581560283687942,0.853261359617508,False,False,False,,600,0.482982,0.482982037515742,436.02,False,False,,tournament,601,jobs/period-halver-1-2x_fnv/09/result.json,
Period halver (1/2x),lut,0,202852575,recorded,0.842466,0.8424657534246576,0.6504690431519701,False,False,False,,600,0.4077,0.40769950192535925,539.21,False,False,,tournament,601,jobs/period-halver-1-2x_lut/00/result.json,
Period halver (1/2x),lut,1,203852578,recorded,0.937931,0.9379310344827586,0.7662012357108868,False,False,False,,600,0.427346,0.4273456804040411,525.14,False,False,,tournament,601,jobs/period-halver-1-2x_lut/01/result.json,
Period halver (1/2x),lut,2,204852581,recorded,0.858156,0.8581560283687942,0.8497444355593785,False,False,False,,600,0.329324,0.32932410312494487,490.86,False,False,,tournament,601,jobs/period-halver-1-2x_lut/02/result.json,
Period halver (1/2x),lut,3,205852584,recorded,0.891803,0.8918032786885245,0.7784491261141823,False,False,False,,600,0.427333,0.4273334134512051,506.91,False,False,,tournament,601,jobs/period-halver-1-2x_lut/03/result.json,
Period halver (1/2x),lut,4,206852587,recorded,0.888889,0.888888888888889,0.8843510746241122,False,False,False,,600,0.472008,0.47200766001071176,496.62,False,False,,tournament,601,jobs/period-halver-1-2x_lut/04/result.json,
Period halver (1/2x),lut,5,207852590,recorded,0.847134,0.8471337579617835,0.8451461988304093,False,False,False,,204,0.48654,0.48654014970770265,604.03,True,False,time cap 600s,tournament,205,jobs/period-halver-1-2x_lut/05/result.json,
Period halver (1/2x),lut,6,208852593,recorded,0.869258,0.8692579505300353,0.8635067088798433,False,False,False,,600,0.338079,0.3380794502495244,453.58,False,False,,tournament,601,jobs/period-halver-1-2x_lut/06/result.json,
Period halver (1/2x),lut,7,209852596,recorded,0.860841,0.86084142394822,0.7999941716025907,False,False,False,,600,0.52485,0.5248499598593148,530.36,False,False,,tournament,601,jobs/period-halver-1-2x_lut/07/result.json,
Period halver (1/2x),lut,8,210852599,recorded,0.869258,0.8692579505300353,0.7762068036225834,False,False,False,,600,0.354655,0.35465521402937983,595.91,False,False,,tournament,601,jobs/period-halver-1-2x_lut/08/result.json,
Period halver (1/2x),lut,9,211852602,recorded,0.872483,0.87248322147651,0.8684675934357232,False,False,False,,600,0.398036,0.3980357995219151,523.62,False,False,,tournament,601,jobs/period-halver-1-2x_lut/09/result.json,
Period halver (1/2x),nervous,0,202617534,recorded,0.842466,0.8424657534246576,0.8357469064220343,False,False,False,,600,0.373025,0.3730246274632446,196.48,False,False,,tournament,601,jobs/period-halver-1-2x_nervous/00/result.json,
Period halver (1/2x),nervous,1,203617537,recorded,0.885609,0.8856088560885608,0.8724700403645903,False,False,False,,600,0.410303,0.41030276222405154,304.27,False,False,,tournament,601,jobs/period-halver-1-2x_nervous/01/result.json,
Period halver (1/2x),nervous,2,204617540,recorded,0.842466,0.8424657534246576,0.8357469064220343,False,False,False,,600,0.298556,0.2985558959568059,227.51,False,False,,tournament,601,jobs/period-halver-1-2x_nervous/02/result.json,
Period halver (1/2x),nervous,3,205617543,recorded,0.869258,0.8692579505300353,0.8613679948222259,False,False,False,,600,0.341592,0.34159225425548395,233.47,False,False,,tournament,601,jobs/period-halver-1-2x_nervous/03/result.json,
Period halver (1/2x),nervous,4,206617546,recorded,0.885609,0.8856088560885608,0.8724700403645903,False,False,False,,600,0.464842,0.46484238597482486,371.7,False,False,,tournament,601,jobs/period-halver-1-2x_nervous/04/result.json,
Period halver (1/2x),nervous,5,207617549,recorded,0.937931,0.9379310344827586,0.9363750177515677,False,False,False,,585,0.27788,0.27787953630427176,601.2,True,False,time cap 600s,tournament,586,jobs/period-halver-1-2x_nervous/05/result.json,
Period halver (1/2x),nervous,6,208617552,recorded,0.915825,0.9158249158249159,0.9101445331263264,False,False,False,,600,0.277276,0.27727612170682997,337.44,False,False,,tournament,601,jobs/period-halver-1-2x_nervous/06/result.json,
Period halver (1/2x),nervous,7,209617555,recorded,0.93662,0.9366197183098591,0.9259044627203737,False,False,False,,600,0.350942,0.3509423539604553,208.47,False,False,,tournament,601,jobs/period-halver-1-2x_nervous/07/result.json,
Period halver (1/2x),nervous,8,210617558,recorded,0.866894,0.8668941979522184,0.854134128782016,False,False,False,,600,0.373024,0.37302438396640475,296.7,False,False,,tournament,601,jobs/period-halver-1-2x_nervous/08/result.json,
Period halver (1/2x),nervous,9,211617561,recorded,0.918919,0.9189189189189189,0.914454882053624,False,False,False,,600,0.338214,0.3382142051972434,202.25,False,False,,tournament,601,jobs/period-halver-1-2x_nervous/09/result.json,
Period stepper,fnv,0,202952764,recorded,0.2,0.2,0.20000000000000004,False,False,False,,600,0.086667,0.08666666666666667,564.31,False,False,,tournament,601,jobs/period-stepper_fnv/00/result.json,
Period stepper,fnv,1,203952767,recorded,0.2,0.2,0.20000000000000004,False,False,False,,600,0.113333,0.11333333333333334,539.3,False,False,,tournament,601,jobs/period-stepper_fnv/01/result.json,
Period stepper,fnv,2,204952770,recorded,0.2,0.2,0.20000000000000004,False,False,False,,600,0.126667,0.12666666666666668,503.75,False,False,,tournament,601,jobs/period-stepper_fnv/02/result.json,
Period stepper,fnv,3,205952773,recorded,0.2,0.2,0.20000000000000004,False,False,False,,600,0.12,0.12000000000000001,585.27,False,False,,tournament,601,jobs/period-stepper_fnv/03/result.json,
Period stepper,fnv,4,206952776,recorded,0.0,0.0,0.0,False,False,False,,600,0.0,0.0,485.32,False,False,,tournament,601,jobs/period-stepper_fnv/04/result.json,
Period stepper,fnv,5,207952779,recorded,0.0,0.0,0.0,False,False,False,,266,0.0,0.0,603.05,True,False,time cap 600s,tournament,267,jobs/period-stepper_fnv/05/result.json,
Period stepper,fnv,6,208952782,recorded,0.2,0.2,0.20000000000000004,False,False,False,,600,0.103333,0.10333333333333333,459.23,False,False,,tournament,601,jobs/period-stepper_fnv/06/result.json,
Period stepper,fnv,7,209952785,recorded,0.2,0.2,0.20000000000000004,False,False,False,,600,0.083333,0.08333333333333333,402.39,False,False,,tournament,601,jobs/period-stepper_fnv/07/result.json,
Period stepper,fnv,8,210952788,recorded,0.2,0.2,0.20000000000000004,False,False,False,,600,0.063333,0.06333333333333334,441.57,False,False,,tournament,601,jobs/period-stepper_fnv/08/result.json,
Period stepper,fnv,9,211952791,recorded,0.8,0.8,0.5277219935985368,False,False,False,,600,0.098889,0.09888888888888889,482.11,False,False,,tournament,601,jobs/period-stepper_fnv/09/result.json,
Period stepper,lut,0,202621684,recorded,0.2,0.2,0.20000000000000004,False,False,False,,600,0.03,0.030000000000000002,524.77,False,False,,tournament,601,jobs/period-stepper_lut/00/result.json,
Period stepper,lut,1,203621687,recorded,0.56275,0.5627496159754224,0.4989518844357554,False,False,False,,588,0.111426,0.11142566032438636,600.38,True,False,time cap 600s,tournament,589,jobs/period-stepper_lut/01/result.json,
Period stepper,lut,2,204621690,recorded,0.508107,0.5081067588325652,0.45263267090639697,False,False,False,,600,0.065158,0.06515841004203246,493.11,False,False,,tournament,601,jobs/period-stepper_lut/02/result.json,
Period stepper,lut,3,205621693,recorded,0.2,0.2,0.2333333333333333,False,False,False,,600,0.046667,0.04666666666666667,573.33,False,False,,tournament,601,jobs/period-stepper_lut/03/result.json,
Period stepper,lut,4,206621696,recorded,0.2,0.2,0.20000000000000004,False,False,False,,600,0.02,0.020000000000000004,549.55,False,False,,tournament,601,jobs/period-stepper_lut/04/result.json,
Period stepper,lut,5,207621699,recorded,0.2,0.2,0.20000000000000004,False,False,False,,232,0.026667,0.02666666666666667,602.15,True,False,time cap 600s,tournament,233,jobs/period-stepper_lut/05/result.json,
Period stepper,lut,6,208621702,recorded,0.2,0.2,0.2333333333333333,False,False,False,,600,0.023333,0.023333333333333334,514.42,False,False,,tournament,601,jobs/period-stepper_lut/06/result.json,
Period stepper,lut,7,209621705,recorded,0.2,0.2,0.20000000000000004,False,False,False,,600,0.033333,0.03333333333333333,572.02,False,False,,tournament,601,jobs/period-stepper_lut/07/result.json,
Period stepper,lut,8,210621708,recorded,0.592037,0.5920368582215495,0.38186278009336466,False,False,False,,600,0.082386,0.08238570222905016,466.07,False,False,,tournament,601,jobs/period-stepper_lut/08/result.json,
Period stepper,lut,9,211621711,recorded,0.2,0.2,0.20000000000000004,False,False,False,,600,0.06,0.060000000000000005,540.75,False,False,,tournament,601,jobs/period-stepper_lut/09/result.json,
Period stepper,nervous,0,202907064,recorded,0.754722,0.7547224627224627,0.3395893081138179,False,False,False,,600,0.162574,0.16257438100010563,342.14,False,False,,tournament,601,jobs/period-stepper_nervous/00/result.json,
Period stepper,nervous,1,203907067,recorded,0.762979,0.7629785247432306,0.49343720821662,False,False,False,,600,0.138673,0.1386734374692211,269.26,False,False,,tournament,601,jobs/period-stepper_nervous/01/result.json,
Period stepper,nervous,2,204907070,recorded,0.796699,0.7966988727858293,0.33209876543209876,False,False,False,,600,0.564366,0.5643660827370781,241.47,False,False,,tournament,601,jobs/period-stepper_nervous/02/result.json,
Period stepper,nervous,3,205907073,recorded,0.8,0.8,0.8000000000000002,False,False,False,,600,0.114233,0.11423296474767063,312.7,False,False,,tournament,601,jobs/period-stepper_nervous/03/result.json,
Period stepper,nervous,4,206907076,recorded,0.6,0.6,0.5888888888888889,False,False,False,,600,0.111111,0.1111111111111111,200.44,False,False,,tournament,601,jobs/period-stepper_nervous/04/result.json,
Period stepper,nervous,5,207907079,recorded,0.796699,0.7966988727858293,0.3654320987654321,False,False,False,,510,0.18849,0.1884895318136103,600.57,True,False,time cap 600s,tournament,511,jobs/period-stepper_nervous/05/result.json,
Period stepper,nervous,6,208907082,recorded,0.8,0.8,0.6637352245862884,False,False,False,,600,0.09567,0.09567028964551759,232.62,False,False,,tournament,601,jobs/period-stepper_nervous/06/result.json,
Period stepper,nervous,7,209907085,recorded,0.62666,0.6266599952870445,0.5368917937545389,False,False,False,,600,0.084531,0.08453145385320487,218.88,False,False,,tournament,601,jobs/period-stepper_nervous/07/result.json,
Period stepper,nervous,8,210907088,recorded,0.796699,0.7966988727858293,0.3987654320987654,False,False,False,,600,0.099443,0.09944291081972241,291.99,False,False,,tournament,601,jobs/period-stepper_nervous/08/result.json,
Period stepper,nervous,9,211907091,recorded,0.741116,0.7411163567834315,0.3171006321097065,False,False,False,,600,0.063765,0.06376521001551601,248.2,False,False,,tournament,601,jobs/period-stepper_nervous/09/result.json,
Period tripler (3x),fnv,0,203244029,recorded,0.539326,0.5393258426966292,0.5350625629161118,False,False,False,,600,0.33149,0.3314902424600828,485.69,False,False,,tournament,601,jobs/period-tripler-3x_fnv/00/result.json,
Period tripler (3x),fnv,1,204244032,recorded,0.539326,0.5393258426966292,0.5350625629161118,False,False,False,,555,0.313513,0.3135127143701951,600.53,True,False,time cap 600s,tournament,556,jobs/period-tripler-3x_fnv/01/result.json,
Period tripler (3x),fnv,2,205244035,recorded,0.705882,0.7058823529411765,0.7094251091775844,False,False,False,,600,0.36849,0.3684899251273841,428.65,False,False,,tournament,601,jobs/period-tripler-3x_fnv/02/result.json,
Period tripler (3x),fnv,3,206244038,recorded,0.539326,0.5393258426966292,0.5350625629161118,False,False,False,,600,0.319396,0.3193962760671423,505.35,False,False,,tournament,601,jobs/period-tripler-3x_fnv/03/result.json,
Period tripler (3x),fnv,4,207244041,recorded,0.756757,0.7567567567567567,0.7459404023511412,False,False,False,,600,0.391712,0.39171238908081013,362.78,False,False,,tournament,601,jobs/period-tripler-3x_fnv/04/result.json,
Period tripler (3x),fnv,5,208244044,recorded,0.539326,0.5393258426966292,0.5350625629161118,False,False,False,,316,0.350562,0.35056179775280893,601.42,True,False,time cap 600s,tournament,317,jobs/period-tripler-3x_fnv/05/result.json,
Period tripler (3x),fnv,6,209244047,recorded,0.823529,0.823529411764706,0.8149457229700392,False,False,False,,600,0.414644,0.41464427853289326,399.86,False,False,,tournament,601,jobs/period-tripler-3x_fnv/06/result.json,
Period tripler (3x),fnv,7,210244050,recorded,0.539326,0.5393258426966292,0.5350625629161118,False,False,False,,600,0.269663,0.2696629213483146,515.41,False,False,,tournament,601,jobs/period-tripler-3x_fnv/07/result.json,
Period tripler (3x),fnv,8,211244053,recorded,0.548571,0.5485714285714286,0.5246721138890588,False,False,False,,600,0.244518,0.24451770494248448,590.22,False,False,,tournament,601,jobs/period-tripler-3x_fnv/08/result.json,
Period tripler (3x),fnv,9,212244056,recorded,0.793388,0.7933884297520661,0.7918093011605577,False,False,False,,600,0.30998,0.3099802107597156,453.08,False,False,,tournament,601,jobs/period-tripler-3x_fnv/09/result.json,
Period tripler (3x),lut,0,203128452,recorded,0.539326,0.5393258426966292,0.5350625629161118,False,False,False,,600,0.227743,0.22774259409001987,436.71,False,False,,tournament,601,jobs/period-tripler-3x_lut/00/result.json,
Period tripler (3x),lut,1,204128455,recorded,0.697674,0.6976744186046512,0.6993312210129954,False,False,False,,600,0.239715,0.23971468641778196,466.28,False,False,,tournament,601,jobs/period-tripler-3x_lut/01/result.json,
Period tripler (3x),lut,2,205128458,recorded,0.539326,0.5393258426966292,0.38210866838317825,False,False,False,,600,0.224084,0.22408358409000143,468.1,False,False,,tournament,601,jobs/period-tripler-3x_lut/02/result.json,
Period tripler (3x),lut,3,206128461,recorded,0.690647,0.6906474820143885,0.6848889038968057,False,False,False,,600,0.250556,0.25055559679857253,445.7,False,False,,tournament,601,jobs/period-tripler-3x_lut/03/result.json,
Period tripler (3x),lut,4,207128464,recorded,0.676056,0.676056338028169,0.6698153249531433,False,False,False,,600,0.322323,0.3223228199167982,525.97,False,False,,tournament,601,jobs/period-tripler-3x_lut/04/result.json,
Period tripler (3x),lut,5,208128467,recorded,0.539326,0.5393258426966292,0.34995248931009476,False,False,False,,263,0.230042,0.23004196268084517,602.75,True,False,time cap 600s,tournament,264,jobs/period-tripler-3x_lut/05/result.json,
Period tripler (3x),lut,6,209128470,recorded,0.539326,0.5393258426966292,0.5350625629161118,False,False,False,,600,0.317884,0.31788428598924556,429.83,False,False,,tournament,601,jobs/period-tripler-3x_lut/06/result.json,
Period tripler (3x),lut,7,210128473,recorded,0.539326,0.5393258426966292,0.5350625629161118,False,False,False,,600,0.231537,0.23153666230835757,458.83,False,False,,tournament,601,jobs/period-tripler-3x_lut/07/result.json,
Period tripler (3x),lut,8,211128476,recorded,0.738462,0.7384615384615384,0.7344767358625627,False,False,False,,600,0.42208,0.4220800545027421,535.74,False,False,,tournament,601,jobs/period-tripler-3x_lut/08/result.json,
Period tripler (3x),lut,9,212128479,recorded,0.539326,0.5393258426966292,0.48516896815278177,False,False,False,,600,0.326475,0.32647536996802295,406.57,False,False,,tournament,601,jobs/period-tripler-3x_lut/09/result.json,
Period tripler (3x),nervous,0,202735623,recorded,0.711111,0.7111111111111111,0.7197108265830502,False,False,False,,600,0.363449,0.36344873145603535,266.42,False,False,,tournament,601,jobs/period-tripler-3x_nervous/00/result.json,
Period tripler (3x),nervous,1,203735626,recorded,1.0,1.0,1.0,True,True,True,222,226,1.0,1.0,72.71,False,False,population solved,tournament,227,jobs/period-tripler-3x_nervous/01/result.json,
Period tripler (3x),nervous,2,204735629,recorded,0.755906,0.7559055118110236,0.7526418628830589,False,False,False,,600,0.340129,0.34012860154499575,312.54,False,False,,tournament,601,jobs/period-tripler-3x_nervous/02/result.json,
Period tripler (3x),nervous,3,205735632,recorded,1.0,1.0,1.0,True,True,True,580,583,1.0,1.0,233.03,False,False,population solved,tournament,584,jobs/period-tripler-3x_nervous/03/result.json,
Period tripler (3x),nervous,4,206735635,recorded,0.769231,0.7692307692307693,0.7542572647835805,False,False,False,,600,0.206313,0.20631285648488454,341.78,False,False,,tournament,601,jobs/period-tripler-3x_nervous/04/result.json,
Period tripler (3x),nervous,5,207735638,recorded,0.769231,0.7692307692307693,0.7931684247473721,False,False,False,,470,0.316695,0.31669545643505004,601.54,True,False,time cap 600s,tournament,471,jobs/period-tripler-3x_nervous/05/result.json,
Period tripler (3x),nervous,6,208735641,recorded,0.689655,0.6896551724137931,0.7088161126036292,False,False,False,,600,0.255729,0.255728536218087,252.04,False,False,,tournament,601,jobs/period-tripler-3x_nervous/06/result.json,
Period tripler (3x),nervous,7,209735644,recorded,0.875,0.875,0.8685140021865276,False,False,False,,600,0.392015,0.3920154967788932,271.78,False,False,,tournament,601,jobs/period-tripler-3x_nervous/07/result.json,
Period tripler (3x),nervous,8,210735647,recorded,1.0,1.0,1.0,True,True,True,198,202,1.0,1.0,65.54,False,False,population solved,tournament,203,jobs/period-tripler-3x_nervous/08/result.json,
Period tripler (3x),nervous,9,211735650,recorded,1.0,1.0,1.0,True,True,True,529,532,1.0,1.0,232.01,False,False,population solved,tournament,533,jobs/period-tripler-3x_nervous/09/result.json,
Refractory filter (3 seconds),fnv,0,203582915,recorded,1.0,1.0,0.980952380952381,True,True,True,203,207,1.0,1.0,70.42,False,False,population solved,tournament,208,jobs/refractory-filter-3-seconds_fnv/00/result.json,
Refractory filter (3 seconds),fnv,1,204582918,recorded,1.0,1.0,1.0,True,True,True,7,13,1.0,1.0,1.61,False,False,population solved,tournament,14,jobs/refractory-filter-3-seconds_fnv/01/result.json,
Refractory filter (3 seconds),fnv,2,205582921,recorded,1.0,1.0,1.0,True,True,True,40,45,1.0,1.0,5.64,False,False,population solved,tournament,46,jobs/refractory-filter-3-seconds_fnv/02/result.json,
Refractory filter (3 seconds),fnv,3,206582924,recorded,1.0,1.0,1.0,True,True,True,18,24,1.0,1.0,2.64,False,False,population solved,tournament,25,jobs/refractory-filter-3-seconds_fnv/03/result.json,
Refractory filter (3 seconds),fnv,4,207582927,recorded,1.0,1.0,1.0,True,True,True,14,17,1.0,1.0,2.06,False,False,population solved,tournament,18,jobs/refractory-filter-3-seconds_fnv/04/result.json,
Refractory filter (3 seconds),fnv,5,208582930,recorded,1.0,1.0,0.980952380952381,True,True,True,206,210,1.0,1.0,158.81,False,False,population solved,tournament,211,jobs/refractory-filter-3-seconds_fnv/05/result.json,
Refractory filter (3 seconds),fnv,6,209582933,recorded,1.0,1.0,0.980952380952381,True,True,True,28,33,1.0,1.0,4.19,False,False,population solved,tournament,34,jobs/refractory-filter-3-seconds_fnv/06/result.json,
Refractory filter (3 seconds),fnv,7,210582936,recorded,1.0,1.0,1.0,True,True,True,139,144,1.0,1.0,35.03,False,False,population solved,tournament,145,jobs/refractory-filter-3-seconds_fnv/07/result.json,
Refractory filter (3 seconds),fnv,8,211582939,recorded,1.0,1.0,1.0,True,True,True,90,95,1.0,1.0,17.05,False,False,population solved,tournament,96,jobs/refractory-filter-3-seconds_fnv/08/result.json,
Refractory filter (3 seconds),fnv,9,212582942,recorded,1.0,1.0,1.0,True,True,True,20,25,1.0,1.0,2.54,False,False,population solved,tournament,26,jobs/refractory-filter-3-seconds_fnv/09/result.json,
Refractory filter (3 seconds),lut,0,202812840,recorded,0.9,0.9,0.7849254449254449,False,False,False,,600,0.460362,0.46036223698679574,415.54,False,False,,tournament,601,jobs/refractory-filter-3-seconds_lut/00/result.json,
Refractory filter (3 seconds),lut,1,203812843,recorded,0.9,0.9,0.887258473234083,False,False,False,,600,0.326959,0.3269586041451699,531.53,False,False,,tournament,601,jobs/refractory-filter-3-seconds_lut/01/result.json,
Refractory filter (3 seconds),lut,2,204812846,recorded,0.9,0.9,0.887258473234083,False,False,False,,600,0.445963,0.4459633281523424,432.61,False,False,,tournament,601,jobs/refractory-filter-3-seconds_lut/02/result.json,
Refractory filter (3 seconds),lut,3,205812849,recorded,0.9,0.9,0.887258473234083,False,False,False,,600,0.378903,0.37890280837453283,434.54,False,False,,tournament,601,jobs/refractory-filter-3-seconds_lut/03/result.json,
Refractory filter (3 seconds),lut,4,206812852,recorded,0.9,0.9,0.887258473234083,False,False,False,,600,0.454269,0.4542688485946641,457.7,False,False,,tournament,601,jobs/refractory-filter-3-seconds_lut/04/result.json,
Refractory filter (3 seconds),lut,5,207812855,recorded,0.9,0.9,0.887258473234083,False,False,False,,238,0.275494,0.275493796894199,603.5,True,False,time cap 600s,tournament,239,jobs/refractory-filter-3-seconds_lut/05/result.json,
Refractory filter (3 seconds),lut,6,208812858,recorded,0.9,0.9,0.887258473234083,False,False,False,,600,0.356654,0.3566535045728474,405.25,False,False,,tournament,601,jobs/refractory-filter-3-seconds_lut/06/result.json,
Refractory filter (3 seconds),lut,7,209812861,recorded,0.9,0.9,0.887258473234083,False,False,False,,600,0.338066,0.33806583912050997,477.8,False,False,,tournament,601,jobs/refractory-filter-3-seconds_lut/07/result.json,
Refractory filter (3 seconds),lut,8,210812864,recorded,0.837209,0.8372093023255813,0.649863858890866,False,False,False,,600,0.312724,0.31272353485679444,412.98,False,False,,tournament,601,jobs/refractory-filter-3-seconds_lut/08/result.json,
Refractory filter (3 seconds),lut,9,211812867,recorded,0.9,0.9,0.887258473234083,False,False,False,,600,0.284737,0.2847372046493199,421.34,False,False,,tournament,601,jobs/refractory-filter-3-seconds_lut/09/result.json,
Refractory filter (3 seconds),nervous,0,202696719,recorded,0.972222,0.9722222222222222,0.9663040762042477,False,False,False,,600,0.495795,0.4957947088357452,174.2,False,False,,tournament,601,jobs/refractory-filter-3-seconds_nervous/00/result.json,
Refractory filter (3 seconds),nervous,1,203696722,recorded,1.0,1.0,0.980952380952381,True,True,True,11,15,1.0,1.0,3.59,False,False,population solved,tournament,16,jobs/refractory-filter-3-seconds_nervous/01/result.json,
Refractory filter (3 seconds),nervous,2,204696725,recorded,0.972222,0.9722222222222222,0.9663040762042477,False,False,False,,600,0.432182,0.43218240891556825,268.34,False,False,,tournament,601,jobs/refractory-filter-3-seconds_nervous/02/result.json,
Refractory filter (3 seconds),nervous,3,205696728,recorded,1.0,1.0,0.980952380952381,True,True,True,220,224,1.0,1.0,61.96,False,False,population solved,tournament,225,jobs/refractory-filter-3-seconds_nervous/03/result.json,
Refractory filter (3 seconds),nervous,4,206696731,recorded,0.972222,0.9722222222222222,0.9663040762042477,False,False,False,,600,0.30589,0.30589014128800834,220.95,False,False,,tournament,601,jobs/refractory-filter-3-seconds_nervous/04/result.json,
Refractory filter (3 seconds),nervous,5,207696734,recorded,0.985915,0.9859154929577464,0.9904586655762285,False,False,False,,561,0.544952,0.5449516036288514,606.38,True,False,time cap 600s,tournament,562,jobs/refractory-filter-3-seconds_nervous/05/result.json,
Refractory filter (3 seconds),nervous,6,208696737,recorded,0.972222,0.9722222222222222,0.9291585127201566,False,False,False,,600,0.441229,0.44122923501953654,255.66,False,False,,tournament,601,jobs/refractory-filter-3-seconds_nervous/06/result.json,
Refractory filter (3 seconds),nervous,7,209696740,recorded,0.972222,0.9722222222222222,0.9663040762042477,False,False,False,,600,0.363572,0.3635719130046864,183.18,False,False,,tournament,601,jobs/refractory-filter-3-seconds_nervous/07/result.json,
Refractory filter (3 seconds),nervous,8,210696743,recorded,0.985915,0.9859154929577464,0.9714110465286093,False,False,False,,600,0.40725,0.4072502566749805,200.99,False,False,,tournament,601,jobs/refractory-filter-3-seconds_nervous/08/result.json,
Refractory filter (3 seconds),nervous,9,211696746,recorded,0.972222,0.9722222222222222,0.9663040762042477,False,False,False,,600,0.538532,0.5385319610054619,204.24,False,False,,tournament,601,jobs/refractory-filter-3-seconds_nervous/09/result.json,
Resettable divide-by-4,fnv,0,203237481,recorded,0.34188,0.3418803418803419,0.2579411109939424,False,False,False,,600,0.155445,0.15544455910068558,348.09,False,False,,tournament,601,jobs/resettable-divide-by-4_fnv/00/result.json,
Resettable divide-by-4,fnv,1,204237484,recorded,0.474227,0.4742268041237114,0.3260713313599401,False,False,False,,600,0.126182,0.12618169803055512,376.03,False,False,,tournament,601,jobs/resettable-divide-by-4_fnv/01/result.json,
Resettable divide-by-4,fnv,2,205237487,recorded,0.510638,0.5106382978723404,0.39393346379647753,False,False,False,,454,0.140566,0.14056643412069567,603.69,True,False,time cap 600s,tournament,455,jobs/resettable-divide-by-4_fnv/02/result.json,
Resettable divide-by-4,fnv,3,206237490,recorded,0.533333,0.5333333333333333,0.41236435488579026,False,False,False,,600,0.143829,0.14382855954088303,408.4,False,False,,tournament,601,jobs/resettable-divide-by-4_fnv/03/result.json,
Resettable divide-by-4,fnv,4,207237493,recorded,0.527273,0.5272727272727273,0.4708842814105972,False,False,False,,600,0.32825,0.32825000220803197,364.66,False,False,,tournament,601,jobs/resettable-divide-by-4_fnv/04/result.json,
Resettable divide-by-4,fnv,5,208237496,recorded,0.545455,0.5454545454545454,0.41555280328545635,False,False,False,,600,0.184818,0.18481814901610458,387.37,False,False,,tournament,601,jobs/resettable-divide-by-4_fnv/05/result.json,
Resettable divide-by-4,fnv,6,209237499,recorded,0.455446,0.4554455445544555,0.3114818950154911,False,False,False,,600,0.063086,0.0630864943759021,409.15,False,False,,tournament,601,jobs/resettable-divide-by-4_fnv/06/result.json,
Resettable divide-by-4,fnv,7,210237502,recorded,0.5625,0.5625,0.49482439069595036,False,False,False,,600,0.123336,0.1233355316378547,362.28,False,False,,tournament,601,jobs/resettable-divide-by-4_fnv/07/result.json,
Resettable divide-by-4,fnv,8,211237505,recorded,0.347458,0.3474576271186441,0.3473703789448273,False,False,False,,600,0.200766,0.2007655757443163,401.64,False,False,,tournament,601,jobs/resettable-divide-by-4_fnv/08/result.json,
Resettable divide-by-4,fnv,9,212237508,recorded,0.524823,0.524822695035461,0.40802348336594907,False,False,False,,600,0.354261,0.3542607905227021,335.11,False,False,,tournament,601,jobs/resettable-divide-by-4_fnv/09/result.json,
Resettable divide-by-4,lut,0,202984407,recorded,0.324111,0.3241106719367589,0.32318345664959214,False,False,False,,525,0.114466,0.11446589280958736,600.75,True,False,time cap 600s,tournament,526,jobs/resettable-divide-by-4_lut/00/result.json,
Resettable divide-by-4,lut,1,203984410,recorded,0.352941,0.3529411764705882,0.10252708603503237,False,False,False,,476,0.149805,0.1498046462347365,601.61,True,False,time cap 600s,tournament,477,jobs/resettable-divide-by-4_lut/01/result.json,
Resettable divide-by-4,lut,2,204984413,recorded,0.324111,0.3241106719367589,0.32318345664959214,False,False,False,,196,0.124064,0.12406393385188212,604.47,True,False,time cap 600s,tournament,197,jobs/resettable-divide-by-4_lut/02/result.json,
Resettable divide-by-4,lut,3,205984416,recorded,0.357724,0.3577235772357724,0.24895115557326172,False,False,False,,452,0.158867,0.15886675287889,601.19,True,False,time cap 600s,tournament,453,jobs/resettable-divide-by-4_lut/03/result.json,
Resettable divide-by-4,lut,4,206984419,recorded,0.377622,0.3776223776223776,0.2983321831147918,False,False,False,,502,0.151085,0.15108472760608319,601.09,True,False,time cap 600s,tournament,503,jobs/resettable-divide-by-4_lut/04/result.json,
Resettable divide-by-4,lut,5,207984422,recorded,0.363636,0.3636363636363637,0.2699953767914933,False,False,False,,501,0.119284,0.11928362749268166,600.86,True,False,time cap 600s,tournament,502,jobs/resettable-divide-by-4_lut/05/result.json,
Resettable divide-by-4,lut,6,208984425,recorded,0.333333,0.33333333333333337,0.33013088276246166,False,False,False,,424,0.133987,0.13398740647966587,602.08,True,False,time cap 600s,tournament,425,jobs/resettable-divide-by-4_lut/06/result.json,
Resettable divide-by-4,lut,7,209984428,recorded,0.38806,0.3880597014925373,0.08656298642539278,False,False,False,,519,0.251332,0.2513315801414905,601.75,True,False,time cap 600s,tournament,520,jobs/resettable-divide-by-4_lut/07/result.json,
Resettable divide-by-4,lut,8,210984431,recorded,0.334694,0.3346938775510204,0.33146551011814696,False,False,False,,472,0.124189,0.12418906262534898,600.81,True,False,time cap 600s,tournament,473,jobs/resettable-divide-by-4_lut/08/result.json,
Resettable divide-by-4,lut,9,211984434,recorded,0.352941,0.3529411764705882,0.354830766141228,False,False,False,,503,0.132387,0.13238714369411292,600.82,True,False,time cap 600s,tournament,504,jobs/resettable-divide-by-4_lut/09/result.json,
Resettable divide-by-4,nervous,0,202644589,recorded,0.325397,0.32539682539682546,0.3266333544170356,False,False,False,,600,0.097433,0.09743333792429218,187.49,False,False,,tournament,601,jobs/resettable-divide-by-4_nervous/00/result.json,
Resettable divide-by-4,nervous,1,203644592,recorded,0.340249,0.3402489626556016,0.3392066650792031,False,False,False,,600,0.170333,0.17033349811872062,266.09,False,False,,tournament,601,jobs/resettable-divide-by-4_nervous/01/result.json,
Resettable divide-by-4,nervous,2,204644595,recorded,0.545455,0.5454545454545454,0.4171594314375911,False,False,False,,600,0.337214,0.3372140639705437,328.31,False,False,,tournament,601,jobs/resettable-divide-by-4_nervous/02/result.json,
Resettable divide-by-4,nervous,3,205644598,recorded,0.341667,0.34166666666666673,0.3410964385754302,False,False,False,,600,0.192786,0.19278611656485015,206.56,False,False,,tournament,601,jobs/resettable-divide-by-4_nervous/03/result.json,
Resettable divide-by-4,nervous,4,206644601,recorded,0.341667,0.34166666666666673,0.3430049834175479,False,False,False,,600,0.141879,0.1418788892775261,229.26,False,False,,tournament,601,jobs/resettable-divide-by-4_nervous/04/result.json,
Resettable divide-by-4,nervous,5,207644604,recorded,0.338164,0.33816425120772947,0.278749514131823,False,False,False,,600,0.125562,0.1255616361622807,254.08,False,False,,tournament,601,jobs/resettable-divide-by-4_nervous/05/result.json,
Resettable divide-by-4,nervous,6,208644607,recorded,0.363636,0.36363636363636365,0.3160317446383824,False,False,False,,600,0.145995,0.14599527024594786,229.35,False,False,,tournament,601,jobs/resettable-divide-by-4_nervous/06/result.json,
Resettable divide-by-4,nervous,7,209644610,recorded,0.345992,0.34599156118143465,0.34299550328606015,False,False,False,,600,0.276711,0.2767113978554141,255.11,False,False,,tournament,601,jobs/resettable-divide-by-4_nervous/07/result.json,
Resettable divide-by-4,nervous,8,210644613,recorded,0.350427,0.3504273504273504,0.34739318580748585,False,False,False,,600,0.150562,0.15056165922655318,263.0,False,False,,tournament,601,jobs/resettable-divide-by-4_nervous/08/result.json,
Resettable divide-by-4,nervous,9,211644616,recorded,0.338843,0.33884297520661155,0.33231682324201134,False,False,False,,600,0.202873,0.20287335299254777,299.63,False,False,,tournament,601,jobs/resettable-divide-by-4_nervous/09/result.json,
Resettable toggle,fnv,0,203043605,recorded,0.75007,0.7500702711640213,0.7369584986772487,False,False,False,,600,0.364652,0.36465170948498915,373.93,False,False,,tournament,601,jobs/resettable-toggle_fnv/00/result.json,
Resettable toggle,fnv,1,204043608,recorded,0.655804,0.6558035714285715,0.6558897497905174,False,False,False,,600,0.376839,0.3768393983833069,399.15,False,False,,tournament,601,jobs/resettable-toggle_fnv/01/result.json,
Resettable toggle,fnv,2,205043611,recorded,0.655804,0.6558035714285715,0.6558897497905174,False,False,False,,296,0.356601,0.3566014341205579,603.15,True,False,time cap 600s,tournament,297,jobs/resettable-toggle_fnv/02/result.json,
Resettable toggle,fnv,3,206043614,recorded,0.833333,0.8333333333333333,0.8573295266654641,False,False,False,,600,0.330942,0.33094196006949184,561.9,False,False,,tournament,601,jobs/resettable-toggle_fnv/03/result.json,
Resettable toggle,fnv,4,207043617,recorded,0.655804,0.6558035714285715,0.6558897497905174,False,False,False,,600,0.342495,0.34249473049304424,462.96,False,False,,tournament,601,jobs/resettable-toggle_fnv/04/result.json,
Resettable toggle,fnv,5,208043620,recorded,0.747433,0.7474330357142857,0.7306738381943975,False,False,False,,600,0.40189,0.4018902828385762,401.04,False,False,,tournament,601,jobs/resettable-toggle_fnv/05/result.json,
Resettable toggle,fnv,6,209043623,recorded,0.655804,0.6558035714285715,0.6558897497905174,False,False,False,,600,0.37516,0.3751601440329593,359.37,False,False,,tournament,601,jobs/resettable-toggle_fnv/06/result.json,
Resettable toggle,fnv,7,210043626,recorded,0.655804,0.6558035714285715,0.6558897497905174,False,False,False,,600,0.380761,0.3807607857488325,408.78,False,False,,tournament,601,jobs/resettable-toggle_fnv/07/result.json,
Resettable toggle,fnv,8,211043629,recorded,0.655804,0.6558035714285715,0.6558897497905174,False,False,False,,600,0.359304,0.35930395956261435,475.49,False,False,,tournament,601,jobs/resettable-toggle_fnv/08/result.json,
Resettable toggle,fnv,9,212043632,recorded,0.655804,0.6558035714285715,0.6558897497905174,False,False,False,,600,0.269801,0.2698009079756121,350.05,False,False,,tournament,601,jobs/resettable-toggle_fnv/09/result.json,
Resettable toggle,lut,0,203520919,recorded,0.379573,0.37957296205833657,0.38924240608491223,False,False,False,,600,0.196435,0.19643503277528598,481.0,False,False,,tournament,601,jobs/resettable-toggle_lut/00/result.json,
Resettable toggle,lut,1,204520922,recorded,0.379573,0.37957296205833657,0.34503836117929093,False,False,False,,600,0.152223,0.152222943104424,469.32,False,False,,tournament,601,jobs/resettable-toggle_lut/01/result.json,
Resettable toggle,lut,2,205520925,recorded,0.379573,0.37957296205833657,0.38924240608491223,False,False,False,,231,0.237541,0.23754096865785554,601.6,True,False,time cap 600s,tournament,232,jobs/resettable-toggle_lut/02/result.json,
Resettable toggle,lut,3,206520928,recorded,0.379573,0.37957296205833657,0.38924240608491223,False,False,False,,600,0.173532,0.17353247734099136,488.22,False,False,,tournament,601,jobs/resettable-toggle_lut/03/result.json,
Resettable toggle,lut,4,207520931,recorded,0.379573,0.37957296205833657,0.34718210885456763,False,False,False,,600,0.141347,0.14134660454963174,473.88,False,False,,tournament,601,jobs/resettable-toggle_lut/04/result.json,
Resettable toggle,lut,5,208520934,recorded,0.379573,0.37957296205833657,0.38924240608491223,False,False,False,,600,0.167905,0.16790522188669765,456.35,False,False,,tournament,601,jobs/resettable-toggle_lut/05/result.json,
Resettable toggle,lut,6,209520937,recorded,0.379573,0.37957296205833657,0.38924240608491223,False,False,False,,600,0.166935,0.16693546852873437,449.58,False,False,,tournament,601,jobs/resettable-toggle_lut/06/result.json,
Resettable toggle,lut,7,210520940,recorded,0.379573,0.37957296205833657,0.38924240608491223,False,False,False,,600,0.219245,0.21924491234505677,496.14,False,False,,tournament,601,jobs/resettable-toggle_lut/07/result.json,
Resettable toggle,lut,8,211520943,recorded,0.379573,0.37957296205833657,0.38924240608491223,False,False,False,,600,0.174691,0.1746909466243879,525.67,False,False,,tournament,601,jobs/resettable-toggle_lut/08/result.json,
Resettable toggle,lut,9,212520946,recorded,0.379573,0.37957296205833657,0.13602628159129806,False,False,False,,600,0.178431,0.1784313908414012,467.65,False,False,,tournament,601,jobs/resettable-toggle_lut/09/result.json,
Resettable toggle,nervous,0,202792391,recorded,1.0,1.0,0.9865035702147534,True,True,True,503,506,1.0,1.0,161.8,False,False,population solved,tournament,507,jobs/resettable-toggle_nervous/00/result.json,
Resettable toggle,nervous,1,203792394,recorded,1.0,1.0,1.0,True,True,True,160,165,1.0,1.0,46.46,False,False,population solved,tournament,166,jobs/resettable-toggle_nervous/01/result.json,
Resettable toggle,nervous,2,204792397,recorded,0.897358,0.8973575675771048,0.6685020003685566,False,False,False,,444,0.459216,0.4592162646438274,600.88,True,False,time cap 600s,tournament,445,jobs/resettable-toggle_nervous/02/result.json,
Resettable toggle,nervous,3,205792400,recorded,1.0,1.0,1.0,True,True,True,20,24,1.0,1.0,7.5,False,False,population solved,tournament,25,jobs/resettable-toggle_nervous/03/result.json,
Resettable toggle,nervous,4,206792403,recorded,0.899595,0.8995947263707489,0.8463066814424267,False,False,False,,600,0.5899,0.5899003208335618,273.05,False,False,,tournament,601,jobs/resettable-toggle_nervous/04/result.json,
Resettable toggle,nervous,5,207792406,recorded,1.0,1.0,1.0,True,True,True,325,328,1.0,1.0,169.73,False,False,population solved,tournament,329,jobs/resettable-toggle_nervous/05/result.json,
Resettable toggle,nervous,6,208792409,recorded,1.0,1.0,1.0,True,True,True,165,170,1.0,1.0,57.33,False,False,population solved,tournament,171,jobs/resettable-toggle_nervous/06/result.json,
Resettable toggle,nervous,7,209792412,recorded,1.0,1.0,1.0,True,True,True,197,200,1.0,1.0,78.03,False,False,population solved,tournament,201,jobs/resettable-toggle_nervous/07/result.json,
Resettable toggle,nervous,8,210792415,recorded,1.0,1.0,0.7681649591459282,True,False,True,576,579,1.0,1.0,220.19,False,False,population solved,tournament,580,jobs/resettable-toggle_nervous/08/result.json,
Resettable toggle,nervous,9,211792418,recorded,1.0,1.0,0.8935263251326359,True,False,True,90,93,1.0,1.0,35.31,False,False,population solved,tournament,94,jobs/resettable-toggle_nervous/09/result.json,
Rhythm cascade,fnv,0,203531817,recorded,0.494764,0.4947638146167558,0.4684740701655605,False,False,False,,600,0.2659,0.265899604332091,559.67,False,False,,tournament,601,jobs/rhythm-cascade_fnv/00/result.json,
Rhythm cascade,fnv,1,204531820,recorded,0.410289,0.41028861603991784,0.3139048544940533,False,False,False,,502,0.143673,0.1436727271463717,602.19,True,False,time cap 600s,tournament,503,jobs/rhythm-cascade_fnv/01/result.json,
Rhythm cascade,fnv,2,205531823,recorded,0.277084,0.2770841880521874,0.21993836386691604,False,False,False,,290,0.14709,0.14708998188613048,601.26,True,False,time cap 600s,tournament,291,jobs/rhythm-cascade_fnv/02/result.json,
Rhythm cascade,fnv,3,206531826,recorded,0.419667,0.4196671691276915,0.3003523296704878,False,False,False,,470,0.158824,0.15882381279046848,601.0,True,False,time cap 600s,tournament,471,jobs/rhythm-cascade_fnv/03/result.json,
Rhythm cascade,fnv,4,207531829,recorded,0.342823,0.3428230659660457,0.2740434459941697,False,False,False,,481,0.13062,0.13061984599531912,600.52,True,False,time cap 600s,tournament,482,jobs/rhythm-cascade_fnv/04/result.json,
Rhythm cascade,fnv,5,208531832,recorded,0.519422,0.5194223401119953,0.46380932973869643,False,False,False,,600,0.230831,0.2308309184557246,540.67,False,False,,tournament,601,jobs/rhythm-cascade_fnv/05/result.json,
Rhythm cascade,fnv,6,209531835,recorded,0.46541,0.4654102475884654,0.3504929527895073,False,False,False,,592,0.269502,0.26950206607093763,601.65,True,False,time cap 600s,tournament,593,jobs/rhythm-cascade_fnv/06/result.json,
Rhythm cascade,fnv,7,210531838,recorded,0.472445,0.47244487962309745,0.3751892513643204,False,False,False,,522,0.249415,0.24941521925623186,600.53,True,False,time cap 600s,tournament,523,jobs/rhythm-cascade_fnv/07/result.json,
Rhythm cascade,fnv,8,211531841,recorded,0.460157,0.46015686274509804,0.3745242302916721,False,False,False,,516,0.288366,0.2883656546279399,601.87,True,False,time cap 600s,tournament,517,jobs/rhythm-cascade_fnv/08/result.json,
Rhythm cascade,fnv,9,212531844,recorded,0.427076,0.42707570207570206,0.3531705383480634,False,False,False,,497,0.20615,0.2061503218820161,600.72,True,False,time cap 600s,tournament,498,jobs/rhythm-cascade_fnv/09/result.json,
Rhythm cascade,lut,0,203107447,recorded,0.510695,0.5106951871657754,0.44348233627828626,False,False,False,,290,0.246423,0.24642304742071855,601.13,True,False,time cap 600s,tournament,291,jobs/rhythm-cascade_lut/00/result.json,
Rhythm cascade,lut,1,204107450,recorded,0.510695,0.5106951871657754,0.4129717065026597,False,False,False,,275,0.216857,0.21685689321045737,601.99,True,False,time cap 600s,tournament,276,jobs/rhythm-cascade_lut/01/result.json,
Rhythm cascade,lut,2,205107453,recorded,0.275401,0.27540106951871657,0.27536021600535326,False,False,False,,108,0.093588,0.0935878668837408,603.47,True,False,time cap 600s,tournament,109,jobs/rhythm-cascade_lut/02/result.json,
Rhythm cascade,lut,3,206107456,recorded,0.510695,0.5106951871657754,0.47927516650490726,False,False,False,,298,0.195011,0.19501113660842587,603.05,True,False,time cap 600s,tournament,299,jobs/rhythm-cascade_lut/03/result.json,
Rhythm cascade,lut,4,207107459,recorded,0.510695,0.5106951871657754,0.3168886561553057,False,False,False,,266,0.255492,0.255491690173632,602.81,True,False,time cap 600s,tournament,267,jobs/rhythm-cascade_lut/04/result.json,
Rhythm cascade,lut,5,208107462,recorded,0.510695,0.5106951871657754,0.34968628283258746,False,False,False,,264,0.217626,0.21762590761921807,602.59,True,False,time cap 600s,tournament,265,jobs/rhythm-cascade_lut/05/result.json,
Rhythm cascade,lut,6,209107465,recorded,0.510695,0.5106951871657754,0.5154369351518399,False,False,False,,305,0.196094,0.19609357438097078,601.22,True,False,time cap 600s,tournament,306,jobs/rhythm-cascade_lut/06/result.json,
Rhythm cascade,lut,7,210107468,recorded,0.510695,0.5106951871657754,0.32123159435751375,False,False,False,,262,0.266763,0.2667634163093933,603.42,True,False,time cap 600s,tournament,263,jobs/rhythm-cascade_lut/07/result.json,
Rhythm cascade,lut,8,211107471,recorded,0.510695,0.5106951871657754,0.47927516650490726,False,False,False,,308,0.305258,0.3052580293435922,602.85,True,False,time cap 600s,tournament,309,jobs/rhythm-cascade_lut/08/result.json,
Rhythm cascade,lut,9,212107474,recorded,0.509167,0.5091673032849504,0.4777280925740359,False,False,False,,315,0.203197,0.20319728712325968,601.11,True,False,time cap 600s,tournament,316,jobs/rhythm-cascade_lut/09/result.json,
Rhythm cascade,nervous,0,203292043,recorded,0.510695,0.5106951871657754,0.5154369351518399,False,False,False,,526,0.21006,0.2100604555156213,601.2,True,False,time cap 600s,tournament,527,jobs/rhythm-cascade_nervous/00/result.json,
Rhythm cascade,nervous,1,204292046,recorded,0.510695,0.5106951871657754,0.5154369351518399,False,False,False,,523,0.287395,0.2873953414479841,601.3,True,False,time cap 600s,tournament,524,jobs/rhythm-cascade_nervous/01/result.json,
Rhythm cascade,nervous,2,205292049,recorded,0.510695,0.5106951871657754,0.5154369351518399,False,False,False,,260,0.233437,0.2334371260061599,600.83,True,False,time cap 600s,tournament,261,jobs/rhythm-cascade_nervous/02/result.json,
Rhythm cascade,nervous,3,206292052,recorded,0.510695,0.5106951871657754,0.5154369351518399,False,False,False,,393,0.240465,0.24046461169086,601.05,True,False,time cap 600s,tournament,394,jobs/rhythm-cascade_nervous/03/result.json,
Rhythm cascade,nervous,4,207292055,recorded,0.510695,0.5106951871657754,0.5154369351518399,False,False,False,,440,0.300606,0.30060638978095605,601.16,True,False,time cap 600s,tournament,441,jobs/rhythm-cascade_nervous/04/result.json,
Rhythm cascade,nervous,5,208292058,recorded,0.510695,0.5106951871657754,0.5154369351518399,False,False,False,,484,0.254791,0.2547908318456224,600.9,True,False,time cap 600s,tournament,485,jobs/rhythm-cascade_nervous/05/result.json,
Rhythm cascade,nervous,6,209292061,recorded,0.49959,0.4995898600791886,0.4395585679571969,False,False,False,,374,0.303309,0.3033085728510978,601.78,True,False,time cap 600s,tournament,375,jobs/rhythm-cascade_nervous/06/result.json,
Rhythm cascade,nervous,7,210292064,recorded,0.510695,0.5106951871657754,0.5154369351518399,False,False,False,,486,0.290737,0.2907374031046495,601.54,True,False,time cap 600s,tournament,487,jobs/rhythm-cascade_nervous/07/result.json,
Rhythm cascade,nervous,8,211292067,recorded,0.510695,0.5106951871657754,0.5154369351518399,False,False,False,,600,0.226472,0.22647156609071897,497.68,False,False,,tournament,601,jobs/rhythm-cascade_nervous/08/result.json,
Rhythm cascade,nervous,9,212292070,recorded,0.510695,0.5106951871657754,0.5154369351518399,False,False,False,,476,0.185603,0.18560262592075694,600.74,True,False,time cap 600s,tournament,477,jobs/rhythm-cascade_nervous/09/result.json,
Ring pattern,fnv,0,202950808,recorded,0.377133,0.37713278940658956,0.37503515142949534,False,False,False,,566,0.063675,0.06367473366218139,601.53,True,False,time cap 600s,tournament,567,jobs/ring-pattern_fnv/00/result.json,
Ring pattern,fnv,1,203950811,recorded,0.396286,0.3962857786792878,0.3654625170383225,False,False,False,,549,0.162882,0.1628817057675474,600.56,True,False,time cap 600s,tournament,550,jobs/ring-pattern_fnv/01/result.json,
Ring pattern,fnv,2,204950814,recorded,0.247099,0.2470994381642185,0.24772948144240858,False,False,False,,243,0.175117,0.17511687989349942,603.52,True,False,time cap 600s,tournament,244,jobs/ring-pattern_fnv/02/result.json,
Ring pattern,fnv,3,205950817,recorded,0.415473,0.4154726119527301,0.3512544381635893,False,False,False,,552,0.066885,0.06688541836062731,601.52,True,False,time cap 600s,tournament,553,jobs/ring-pattern_fnv/03/result.json,
Ring pattern,fnv,4,206950820,recorded,0.575568,0.5755681818181818,0.5526997661791088,False,False,False,,600,0.200909,0.20090886068275224,525.34,False,False,,tournament,601,jobs/ring-pattern_fnv/04/result.json,
Ring pattern,fnv,5,207950823,recorded,0.28125,0.28125,0.26481648858566326,False,False,False,,513,0.076538,0.07653842275440484,601.25,True,False,time cap 600s,tournament,514,jobs/ring-pattern_fnv/05/result.json,
Ring pattern,fnv,6,208950826,recorded,0.505724,0.5057239057239057,0.504278691203209,False,False,False,,554,0.199245,0.19924472138422197,601.32,True,False,time cap 600s,tournament,555,jobs/ring-pattern_fnv/06/result.json,
Ring pattern,fnv,7,209950829,recorded,0.47981,0.47980986851954593,0.47072682805006155,False,False,False,,585,0.114522,0.11452192848538598,600.65,True,False,time cap 600s,tournament,586,jobs/ring-pattern_fnv/07/result.json,
Ring pattern,fnv,8,210950832,recorded,0.700282,0.700282393830781,0.6370337605753705,False,False,False,,600,0.462492,0.462491633275947,508.77,False,False,,tournament,601,jobs/ring-pattern_fnv/08/result.json,
Ring pattern,fnv,9,211950835,recorded,0.42541,0.42540973028777906,0.4283622806050656,False,False,False,,600,0.128623,0.12862292561181732,548.76,False,False,,tournament,601,jobs/ring-pattern_fnv/09/result.json,
Ring pattern,lut,0,202848187,recorded,0.242348,0.24234802164593433,0.22559733029804327,False,False,False,,308,0.080701,0.08070052449603979,600.74,True,False,time cap 600s,tournament,309,jobs/ring-pattern_lut/00/result.json,
Ring pattern,lut,1,203848190,recorded,0.125669,0.12566934404283803,0.12016000454308179,False,False,False,,266,0.048401,0.048400773333757925,601.29,True,False,time cap 600s,tournament,267,jobs/ring-pattern_lut/01/result.json,
Ring pattern,lut,2,204848193,recorded,0.11147,0.11146953405017922,0.09190173861673079,False,False,False,,120,0.033908,0.03390828446899059,607.84,True,False,time cap 600s,tournament,121,jobs/ring-pattern_lut/02/result.json,
Ring pattern,lut,3,205848196,recorded,0.341966,0.341965811965812,0.3048231236935469,False,False,False,,362,0.103765,0.10376457521793656,602.09,True,False,time cap 600s,tournament,363,jobs/ring-pattern_lut/03/result.json,
Ring pattern,lut,4,206848199,recorded,0.064935,0.06493506493506494,0.06612000335171377,False,False,False,,287,0.013798,0.013797761674949375,600.96,True,False,time cap 600s,tournament,288,jobs/ring-pattern_lut/04/result.json,
Ring pattern,lut,5,207848202,recorded,0.375747,0.3757467144563919,0.34032003755392637,False,False,False,,266,0.178719,0.17871923351669336,602.14,True,False,time cap 600s,tournament,267,jobs/ring-pattern_lut/05/result.json,
Ring pattern,lut,6,208848205,recorded,0.336226,0.33622634108071003,0.33243957318204975,False,False,False,,292,0.078728,0.07872751103236132,600.61,True,False,time cap 600s,tournament,293,jobs/ring-pattern_lut/06/result.json,
Ring pattern,lut,7,209848208,recorded,0.116162,0.11616161616161617,0.11812795757749885,False,False,False,,360,0.046544,0.04654360778022888,601.54,True,False,time cap 600s,tournament,361,jobs/ring-pattern_lut/07/result.json,
Ring pattern,lut,8,210848211,recorded,0.120915,0.12091503267973856,0.09879922859017033,False,False,False,,314,0.068857,0.06885671446291182,602.81,True,False,time cap 600s,tournament,315,jobs/ring-pattern_lut/08/result.json,
Ring pattern,lut,9,211848214,recorded,0.346114,0.34611420325706044,0.34627759332890706,False,False,False,,323,0.153382,0.15338217798659218,602.12,True,False,time cap 600s,tournament,324,jobs/ring-pattern_lut/09/result.json,
Ring pattern,nervous,0,203378060,recorded,0.408722,0.40872215499081177,0.40721819522209063,False,False,False,,408,0.226213,0.22621344085188388,602.39,True,False,time cap 600s,tournament,409,jobs/ring-pattern_nervous/00/result.json,
Ring pattern,nervous,1,204378063,recorded,0.443017,0.44301710689065477,0.41234859294253406,False,False,False,,438,0.158749,0.1587485403312508,601.63,True,False,time cap 600s,tournament,439,jobs/ring-pattern_nervous/01/result.json,
Ring pattern,nervous,2,205378066,recorded,0.34537,0.3453703703703704,0.353824557144137,False,False,False,,262,0.167366,0.16736638629748993,601.88,True,False,time cap 600s,tournament,263,jobs/ring-pattern_nervous/02/result.json,
Ring pattern,nervous,3,206378069,recorded,0.386328,0.38632781717888104,0.39157930235590954,False,False,False,,449,0.170004,0.17000362618256964,600.73,True,False,time cap 600s,tournament,450,jobs/ring-pattern_nervous/03/result.json,
Ring pattern,nervous,4,207378072,recorded,0.381054,0.3810541310541311,0.38946852335013005,False,False,False,,513,0.149788,0.14978847323058492,600.57,True,False,time cap 600s,tournament,514,jobs/ring-pattern_nervous/04/result.json,
Ring pattern,nervous,5,208378075,recorded,0.132565,0.1325654923215899,0.13385252569142383,False,False,False,,474,0.057503,0.057503455128601874,600.64,True,False,time cap 600s,tournament,475,jobs/ring-pattern_nervous/05/result.json,
Ring pattern,nervous,6,209378078,recorded,0.715237,0.7152374031007752,0.6506587265637095,False,False,False,,500,0.269139,0.269138999086989,601.94,True,False,time cap 600s,tournament,501,jobs/ring-pattern_nervous/06/result.json,
Ring pattern,nervous,7,210378081,recorded,0.468803,0.4688033178465496,0.47126481284984784,False,False,False,,485,0.26117,0.2611702722291146,600.78,True,False,time cap 600s,tournament,486,jobs/ring-pattern_nervous/07/result.json,
Ring pattern,nervous,8,211378084,recorded,0.392959,0.3929586563307494,0.3950031979692648,False,False,False,,501,0.180975,0.1809753031703275,600.9,True,False,time cap 600s,tournament,502,jobs/ring-pattern_nervous/08/result.json,
Ring pattern,nervous,9,212378087,recorded,0.43004,0.4300401341470119,0.43908905326378833,False,False,False,,421,0.20098,0.20098019671052988,602.43,True,False,time cap 600s,tournament,422,jobs/ring-pattern_nervous/09/result.json,
Sequence A->B,fnv,0,203160887,recorded,1.0,1.0,,True,False,True,269,273,1.0,1.0,144.69,False,False,population solved,tournament,274,jobs/sequence-a-b_fnv/00/result.json,
Sequence A->B,fnv,1,204160890,recorded,1.0,1.0,,True,False,True,394,399,1.0,1.0,161.16,False,False,population solved,tournament,400,jobs/sequence-a-b_fnv/01/result.json,
Sequence A->B,fnv,2,205160893,recorded,1.0,1.0,,True,False,True,284,288,1.0,1.0,341.09,False,False,population solved,tournament,289,jobs/sequence-a-b_fnv/02/result.json,
Sequence A->B,fnv,3,206160896,recorded,1.0,1.0,,True,False,True,448,452,1.0,1.0,276.63,False,False,population solved,tournament,453,jobs/sequence-a-b_fnv/03/result.json,
Sequence A->B,fnv,4,207160899,recorded,1.0,1.0,,True,False,True,52,56,1.0,1.0,8.54,False,False,population solved,tournament,57,jobs/sequence-a-b_fnv/04/result.json,
Sequence A->B,fnv,5,208160902,recorded,1.0,1.0,,True,False,True,239,243,1.0,1.0,104.8,False,False,population solved,tournament,244,jobs/sequence-a-b_fnv/05/result.json,
Sequence A->B,fnv,6,209160905,recorded,0.857143,0.8571428571428571,,False,False,False,,600,0.412013,0.41201298701298694,308.55,False,False,,tournament,601,jobs/sequence-a-b_fnv/06/result.json,
Sequence A->B,fnv,7,210160908,recorded,1.0,1.0,,True,False,True,222,227,1.0,1.0,86.85,False,False,population solved,tournament,228,jobs/sequence-a-b_fnv/07/result.json,
Sequence A->B,fnv,8,211160911,recorded,1.0,1.0,,True,False,True,31,36,1.0,1.0,3.87,False,False,population solved,tournament,37,jobs/sequence-a-b_fnv/08/result.json,
Sequence A->B,fnv,9,212160914,recorded,1.0,1.0,,True,False,True,132,136,1.0,1.0,32.73,False,False,population solved,tournament,137,jobs/sequence-a-b_fnv/09/result.json,
Sequence A->B,lut,0,203397903,recorded,1.0,1.0,,True,False,True,278,281,1.0,1.0,119.76,False,False,population solved,tournament,282,jobs/sequence-a-b_lut/00/result.json,
Sequence A->B,lut,1,204397906,recorded,1.0,1.0,,True,False,True,430,433,1.0,1.0,207.25,False,False,population solved,tournament,434,jobs/sequence-a-b_lut/01/result.json,
Sequence A->B,lut,2,205397909,recorded,0.857143,0.8571428571428571,,False,False,False,,372,0.205377,0.20537749287749288,601.03,True,False,time cap 600s,tournament,373,jobs/sequence-a-b_lut/02/result.json,
Sequence A->B,lut,3,206397912,recorded,0.857143,0.8571428571428571,,False,False,False,,600,0.314372,0.3143722018722019,330.2,False,False,,tournament,601,jobs/sequence-a-b_lut/03/result.json,
Sequence A->B,lut,4,207397915,recorded,1.0,1.0,,True,False,False,598,600,0.992857,0.9928571428571428,306.36,False,False,,tournament,601,jobs/sequence-a-b_lut/04/result.json,
Sequence A->B,lut,5,208397918,recorded,0.75,0.7499999999999999,,False,False,False,,600,0.249644,0.2496438746438746,446.62,False,False,,tournament,601,jobs/sequence-a-b_lut/05/result.json,
Sequence A->B,lut,6,209397921,recorded,0.75,0.7499999999999999,,False,False,False,,600,0.213909,0.21390923890923888,274.17,False,False,,tournament,601,jobs/sequence-a-b_lut/06/result.json,
Sequence A->B,lut,7,210397924,recorded,1.0,1.0,,True,False,True,42,45,1.0,1.0,16.67,False,False,population solved,tournament,46,jobs/sequence-a-b_lut/07/result.json,
Sequence A->B,lut,8,211397927,recorded,0.75,0.7499999999999999,,False,False,False,,600,0.325946,0.3259462759462759,347.87,False,False,,tournament,601,jobs/sequence-a-b_lut/08/result.json,
Sequence A->B,lut,9,212397930,recorded,0.857143,0.8571428571428571,,False,False,False,,600,0.374842,0.3748422873422873,341.94,False,False,,tournament,601,jobs/sequence-a-b_lut/09/result.json,
Sequence A->B,nervous,0,202828979,recorded,0.75,0.7499999999999999,,False,False,False,,600,0.254894,0.2548941798941799,235.01,False,False,,tournament,601,jobs/sequence-a-b_nervous/00/result.json,
Sequence A->B,nervous,1,203828982,recorded,0.857143,0.8571428571428571,,False,False,False,,600,0.416674,0.4166737891737891,266.51,False,False,,tournament,601,jobs/sequence-a-b_nervous/01/result.json,
Sequence A->B,nervous,2,204828985,recorded,0.75,0.7499999999999999,,False,False,False,,567,0.279815,0.2798148148148148,601.06,True,False,time cap 600s,tournament,568,jobs/sequence-a-b_nervous/02/result.json,
Sequence A->B,nervous,3,205828988,recorded,1.0,1.0,,True,False,True,95,99,1.0,1.0,30.69,False,False,population solved,tournament,100,jobs/sequence-a-b_nervous/03/result.json,
Sequence A->B,nervous,4,206828991,recorded,0.75,0.7499999999999999,,False,False,False,,600,0.193452,0.19345238095238093,227.73,False,False,,tournament,601,jobs/sequence-a-b_nervous/04/result.json,
Sequence A->B,nervous,5,207828994,recorded,1.0,1.0,,True,False,True,264,267,1.0,1.0,85.67,False,False,population solved,tournament,268,jobs/sequence-a-b_nervous/05/result.json,
Sequence A->B,nervous,6,208828997,recorded,0.857143,0.8571428571428571,,False,False,False,,600,0.29942,0.2994200244200244,145.07,False,False,,tournament,601,jobs/sequence-a-b_nervous/06/result.json,
Sequence A->B,nervous,7,209829000,recorded,0.75,0.7499999999999999,,False,False,False,,600,0.205556,0.20555555555555555,195.13,False,False,,tournament,601,jobs/sequence-a-b_nervous/07/result.json,
Sequence A->B,nervous,8,210829003,recorded,0.75,0.7499999999999999,,False,False,False,,600,0.245093,0.24509259259259256,185.46,False,False,,tournament,601,jobs/sequence-a-b_nervous/08/result.json,
Sequence A->B,nervous,9,211829006,recorded,0.75,0.7499999999999999,,False,False,False,,600,0.251177,0.25117724867724867,248.24,False,False,,tournament,601,jobs/sequence-a-b_nervous/09/result.json,
SR latch,fnv,0,203328205,recorded,0.760796,0.7607956496628372,0.7625851199581669,False,False,False,,600,0.522095,0.5220951602939767,376.56,False,False,,tournament,601,jobs/sr-latch_fnv/00/result.json,
SR latch,fnv,1,204328208,recorded,0.772011,0.7720110070850202,0.7696563305115937,False,False,False,,600,0.495994,0.4959943172037064,443.85,False,False,,tournament,601,jobs/sr-latch_fnv/01/result.json,
SR latch,fnv,2,205328211,recorded,0.714228,0.7142283497752249,0.7196790947767511,False,False,False,,473,0.28625,0.28624977878020774,601.31,True,False,time cap 600s,tournament,474,jobs/sr-latch_fnv/02/result.json,
SR latch,fnv,3,206328214,recorded,0.760796,0.7607956496628372,0.7625851199581669,False,False,False,,600,0.431452,0.43145191706200936,292.93,False,False,,tournament,601,jobs/sr-latch_fnv/03/result.json,
SR latch,fnv,4,207328217,recorded,0.800164,0.800164410784528,0.8014094385432277,False,False,False,,600,0.440212,0.4402116115627195,439.26,False,False,,tournament,601,jobs/sr-latch_fnv/04/result.json,
SR latch,fnv,5,208328220,recorded,0.736559,0.7365587607325539,0.7388939060022847,False,False,False,,600,0.540541,0.5405405618378812,393.6,False,False,,tournament,601,jobs/sr-latch_fnv/05/result.json,
SR latch,fnv,6,209328223,recorded,0.751451,0.7514508928571428,0.7555779162626589,False,False,False,,600,0.436564,0.4365644325335534,393.23,False,False,,tournament,601,jobs/sr-latch_fnv/06/result.json,
SR latch,fnv,7,210328226,recorded,0.714228,0.7142283497752249,0.7196790947767511,False,False,False,,600,0.293064,0.29306371260155545,256.89,False,False,,tournament,601,jobs/sr-latch_fnv/07/result.json,
SR latch,fnv,8,211328229,recorded,0.702684,0.7026839154768842,0.7051346223221223,False,False,False,,600,0.527701,0.5277005815280656,501.6,False,False,,tournament,601,jobs/sr-latch_fnv/08/result.json,
SR latch,fnv,9,212328232,recorded,0.773177,0.7731770833333333,0.7746282286953243,False,False,False,,600,0.430255,0.4302551978065699,253.03,False,False,,tournament,601,jobs/sr-latch_fnv/09/result.json,
SR latch,lut,0,203347436,recorded,0.486891,0.48689051418439716,0.502991352081814,False,False,False,,600,0.232623,0.23262311274218578,419.46,False,False,,tournament,601,jobs/sr-latch_lut/00/result.json,
SR latch,lut,1,204347439,recorded,0.78572,0.7857204411580472,0.2267440235607299,False,False,False,,600,0.229366,0.22936565925173308,321.94,False,False,,tournament,601,jobs/sr-latch_lut/01/result.json,
SR latch,lut,2,205347442,recorded,0.467649,0.46764914772727273,0.502991352081814,False,False,False,,414,0.205025,0.20502528872892342,601.36,True,False,time cap 600s,tournament,415,jobs/sr-latch_lut/02/result.json,
SR latch,lut,3,206347445,recorded,0.78572,0.7857204411580472,0.7427445413560937,False,False,False,,600,0.342109,0.34210905955353543,402.05,False,False,,tournament,601,jobs/sr-latch_lut/03/result.json,
SR latch,lut,4,207347448,recorded,1.0,1.0,1.0,True,True,True,293,297,1.0,1.0,166.39,False,False,population solved,tournament,298,jobs/sr-latch_lut/04/result.json,
SR latch,lut,5,208347451,recorded,0.486891,0.48689051418439716,0.5224287714097496,False,False,False,,600,0.247651,0.24765090988042254,364.31,False,False,,tournament,601,jobs/sr-latch_lut/05/result.json,
SR latch,lut,6,209347454,recorded,0.486891,0.48689051418439716,0.5224287714097496,False,False,False,,600,0.191808,0.1918084306837216,340.41,False,False,,tournament,601,jobs/sr-latch_lut/06/result.json,
SR latch,lut,7,210347457,recorded,0.511288,0.5112879408420984,0.5435163667073898,False,False,False,,600,0.2398,0.2398004920091596,448.17,False,False,,tournament,601,jobs/sr-latch_lut/07/result.json,
SR latch,lut,8,211347460,recorded,0.486891,0.48689051418439716,0.5224287714097496,False,False,False,,600,0.206894,0.20689442685280557,340.6,False,False,,tournament,601,jobs/sr-latch_lut/08/result.json,
SR latch,lut,9,212347463,recorded,0.498655,0.4986545138888889,0.5340724389870465,False,False,False,,600,0.223191,0.22319147644730108,344.1,False,False,,tournament,601,jobs/sr-latch_lut/09/result.json,
SR latch,nervous,0,202931793,recorded,0.758844,0.7588441857177,0.7610869725071182,False,False,False,,600,0.383566,0.38356636323881993,277.27,False,False,,tournament,601,jobs/sr-latch_nervous/00/result.json,
SR latch,nervous,1,203931796,recorded,0.765211,0.7652109607133966,0.7700399307589091,False,False,False,,600,0.449159,0.44915923711478195,337.54,False,False,,tournament,601,jobs/sr-latch_nervous/01/result.json,
SR latch,nervous,2,204931799,recorded,0.78013,0.7801302558326122,0.7758278460005125,False,False,False,,465,0.422584,0.422583604149354,600.79,True,False,time cap 600s,tournament,466,jobs/sr-latch_nervous/02/result.json,
SR latch,nervous,3,205931802,recorded,0.820569,0.8205688327913361,0.675300473298753,False,False,False,,600,0.321532,0.32153161237293215,251.57,False,False,,tournament,601,jobs/sr-latch_nervous/03/result.json,
SR latch,nervous,4,206931805,recorded,0.832047,0.8320474217746106,0.8314599672827026,False,False,False,,600,0.417779,0.4177788085646749,270.7,False,False,,tournament,601,jobs/sr-latch_nervous/04/result.json,
SR latch,nervous,5,207931808,recorded,1.0,1.0,1.0,True,True,True,49,52,1.0,1.0,14.88,False,False,population solved,tournament,53,jobs/sr-latch_nervous/05/result.json,
SR latch,nervous,6,208931811,recorded,1.0,1.0,1.0,True,True,True,63,68,1.0,1.0,21.8,False,False,population solved,tournament,69,jobs/sr-latch_nervous/06/result.json,
SR latch,nervous,7,209931814,recorded,0.763052,0.7630519445265502,0.7668339232984153,False,False,False,,600,0.559358,0.559358235251156,285.61,False,False,,tournament,601,jobs/sr-latch_nervous/07/result.json,
SR latch,nervous,8,210931817,recorded,0.755586,0.7555855418769608,0.7605192497781764,False,False,False,,600,0.3237,0.32370005050423056,238.23,False,False,,tournament,601,jobs/sr-latch_nervous/08/result.json,
SR latch,nervous,9,211931820,recorded,1.0,1.0,1.0,True,True,True,78,82,1.0,1.0,21.56,False,False,population solved,tournament,83,jobs/sr-latch_nervous/09/result.json,
Temporal sum (deltaA + deltaB),fnv,0,203375123,recorded,0.5,0.5,0.38095238095238093,False,False,False,,600,0.192756,0.19275591868644606,363.75,False,False,,tournament,601,jobs/temporal-sum-deltaa-deltab_fnv/00/result.json,
Temporal sum (deltaA + deltaB),fnv,1,204375126,recorded,0.5625,0.5625000000000001,0.4145905436228017,False,False,False,,600,0.15478,0.1547802197802198,332.96,False,False,,tournament,601,jobs/temporal-sum-deltaa-deltab_fnv/01/result.json,
Temporal sum (deltaA + deltaB),fnv,2,205375129,recorded,0.5,0.5,0.4761904761904761,False,False,False,,600,0.156103,0.1561030940442705,544.11,False,False,,tournament,601,jobs/temporal-sum-deltaa-deltab_fnv/02/result.json,
Temporal sum (deltaA + deltaB),fnv,3,206375132,recorded,0.666667,0.6666666666666666,0.5185185185185185,False,False,False,,600,0.213234,0.213233823076565,361.56,False,False,,tournament,601,jobs/temporal-sum-deltaa-deltab_fnv/03/result.json,
Temporal sum (deltaA + deltaB),fnv,4,207375135,recorded,0.5,0.5,0.47795163584637274,False,False,False,,600,0.223429,0.22342879852960496,472.9,False,False,,tournament,601,jobs/temporal-sum-deltaa-deltab_fnv/04/result.json,
Temporal sum (deltaA + deltaB),fnv,5,208375138,recorded,0.611111,0.6111111111111112,0.3261904761904762,False,False,False,,600,0.183095,0.1830954898643082,392.09,False,False,,tournament,601,jobs/temporal-sum-deltaa-deltab_fnv/05/result.json,
Temporal sum (deltaA + deltaB),fnv,6,209375141,recorded,0.5,0.5,0.4761904761904761,False,False,False,,600,0.269838,0.26983845078165564,315.3,False,False,,tournament,601,jobs/temporal-sum-deltaa-deltab_fnv/06/result.json,
Temporal sum (deltaA + deltaB),fnv,7,210375144,recorded,0.529412,0.5294117647058824,0.3602941176470589,False,False,False,,600,0.169884,0.1698844807842648,321.92,False,False,,tournament,601,jobs/temporal-sum-deltaa-deltab_fnv/07/result.json,
Temporal sum (deltaA + deltaB),fnv,8,211375147,recorded,0.518519,0.5185185185185185,0.3887179487179487,False,False,False,,600,0.208007,0.2080066364124335,399.25,False,False,,tournament,601,jobs/temporal-sum-deltaa-deltab_fnv/08/result.json,
Temporal sum (deltaA + deltaB),fnv,9,212375150,recorded,0.518519,0.5185185185185185,0.4361904761904762,False,False,False,,600,0.186238,0.18623814046954307,404.6,False,False,,tournament,601,jobs/temporal-sum-deltaa-deltab_fnv/09/result.json,
Temporal sum (deltaA + deltaB),lut,0,203175101,recorded,0.411765,0.411764705882353,0.2798941798941799,False,False,False,,600,0.187193,0.18719318940893462,573.78,False,False,,tournament,601,jobs/temporal-sum-deltaa-deltab_lut/00/result.json,
Temporal sum (deltaA + deltaB),lut,1,204175104,recorded,0.411765,0.411764705882353,0.2798941798941799,False,False,False,,600,0.182484,0.18248416401315737,563.98,False,False,,tournament,601,jobs/temporal-sum-deltaa-deltab_lut/01/result.json,
Temporal sum (deltaA + deltaB),lut,2,205175107,recorded,0.375,0.37499999999999994,0.34640522875816987,False,False,False,,201,0.234703,0.23470284895071375,601.78,True,False,time cap 600s,tournament,202,jobs/temporal-sum-deltaa-deltab_lut/02/result.json,
Temporal sum (deltaA + deltaB),lut,3,206175110,recorded,0.411765,0.411764705882353,0.2798941798941799,False,False,False,,600,0.151251,0.15125121291995478,522.68,False,False,,tournament,601,jobs/temporal-sum-deltaa-deltab_lut/03/result.json,
Temporal sum (deltaA + deltaB),lut,4,207175113,recorded,0.411765,0.411764705882353,0.2798941798941799,False,False,False,,600,0.163512,0.1635115058990232,464.73,False,False,,tournament,601,jobs/temporal-sum-deltaa-deltab_lut/04/result.json,
Temporal sum (deltaA + deltaB),lut,5,208175116,recorded,0.411765,0.411764705882353,0.2798941798941799,False,False,False,,600,0.183062,0.18306170854329062,540.44,False,False,,tournament,601,jobs/temporal-sum-deltaa-deltab_lut/05/result.json,
Temporal sum (deltaA + deltaB),lut,6,209175119,recorded,0.411765,0.411764705882353,0.2798941798941799,False,False,False,,600,0.115171,0.11517051266914881,444.41,False,False,,tournament,601,jobs/temporal-sum-deltaa-deltab_lut/06/result.json,
Temporal sum (deltaA + deltaB),lut,7,210175122,recorded,0.411765,0.411764705882353,0.2798941798941799,False,False,False,,600,0.163229,0.1632294097770111,491.05,False,False,,tournament,601,jobs/temporal-sum-deltaa-deltab_lut/07/result.json,
Temporal sum (deltaA + deltaB),lut,8,211175125,recorded,0.411765,0.411764705882353,0.2798941798941799,False,False,False,,600,0.158649,0.15864879780182942,466.05,False,False,,tournament,601,jobs/temporal-sum-deltaa-deltab_lut/08/result.json,
Temporal sum (deltaA + deltaB),lut,9,212175128,recorded,0.518519,0.5185185185185185,0.4267399267399268,False,False,False,,600,0.214752,0.2147520813008487,525.64,False,False,,tournament,601,jobs/temporal-sum-deltaa-deltab_lut/09/result.json,
Temporal sum (deltaA + deltaB),nervous,0,203528651,recorded,0.482759,0.4827586206896552,0.27590187590187587,False,False,False,,600,0.237536,0.23753550977981977,243.84,False,False,,tournament,601,jobs/temporal-sum-deltaa-deltab_nervous/00/result.json,
Temporal sum (deltaA + deltaB),nervous,1,204528654,recorded,0.458333,0.45833333333333326,0.28538647342995166,False,False,False,,600,0.340796,0.34079603065351843,176.34,False,False,,tournament,601,jobs/temporal-sum-deltaa-deltab_nervous/01/result.json,
Temporal sum (deltaA + deltaB),nervous,2,205528657,recorded,0.536585,0.5365853658536586,0.3043859649122807,False,False,False,,600,0.215801,0.21580066215759588,496.97,False,False,,tournament,601,jobs/temporal-sum-deltaa-deltab_nervous/02/result.json,
Temporal sum (deltaA + deltaB),nervous,3,206528660,recorded,0.5,0.5,0.42857142857142855,False,False,False,,600,0.176161,0.176160763032949,258.27,False,False,,tournament,601,jobs/temporal-sum-deltaa-deltab_nervous/03/result.json,
Temporal sum (deltaA + deltaB),nervous,4,207528663,recorded,0.52381,0.5238095238095238,0.35447957839262184,False,False,False,,600,0.24969,0.24968980267744315,384.33,False,False,,tournament,601,jobs/temporal-sum-deltaa-deltab_nervous/04/result.json,
Temporal sum (deltaA + deltaB),nervous,5,208528666,recorded,0.588235,0.5882352941176471,0.411764705882353,False,False,False,,600,0.224246,0.22424572793112593,252.97,False,False,,tournament,601,jobs/temporal-sum-deltaa-deltab_nervous/05/result.json,
Temporal sum (deltaA + deltaB),nervous,6,209528669,recorded,0.407407,0.40740740740740744,0.24691358024691357,False,False,False,,600,0.207849,0.20784900326560216,130.8,False,False,,tournament,601,jobs/temporal-sum-deltaa-deltab_nervous/06/result.json,
Temporal sum (deltaA + deltaB),nervous,7,210528672,recorded,0.578947,0.5789473684210527,0.2982456140350877,False,False,False,,600,0.204056,0.2040564435853748,224.97,False,False,,tournament,601,jobs/temporal-sum-deltaa-deltab_nervous/07/result.json,
Temporal sum (deltaA + deltaB),nervous,8,211528675,recorded,0.5,0.5,0.42857142857142855,False,False,False,,600,0.221292,0.2212921924130981,252.68,False,False,,tournament,601,jobs/temporal-sum-deltaa-deltab_nervous/08/result.json,
Temporal sum (deltaA + deltaB),nervous,9,212528678,recorded,0.448276,0.44827586206896547,0.40229885057471265,False,False,False,,600,0.217841,0.21784068863599054,171.36,False,False,,tournament,601,jobs/temporal-sum-deltaa-deltab_nervous/09/result.json,
Temporal XOR (2-in),fnv,0,202707188,recorded,1.0,1.0,,True,False,True,83,89,1.0,1.0,14.31,False,False,population solved,tournament,90,jobs/temporal-xor-2-in_fnv/00/result.json,
Temporal XOR (2-in),fnv,1,203707191,recorded,1.0,1.0,,True,False,True,41,47,1.0,1.0,4.88,False,False,population solved,tournament,48,jobs/temporal-xor-2-in_fnv/01/result.json,
Temporal XOR (2-in),fnv,2,204707194,recorded,1.0,1.0,,True,False,True,20,25,1.0,1.0,2.22,False,False,population solved,tournament,26,jobs/temporal-xor-2-in_fnv/02/result.json,
Temporal XOR (2-in),fnv,3,205707197,recorded,1.0,1.0,,True,False,True,10,15,1.0,1.0,1.63,False,False,population solved,tournament,16,jobs/temporal-xor-2-in_fnv/03/result.json,
Temporal XOR (2-in),fnv,4,206707200,recorded,1.0,1.0,,True,False,True,87,92,1.0,1.0,15.14,False,False,population solved,tournament,93,jobs/temporal-xor-2-in_fnv/04/result.json,
Temporal XOR (2-in),fnv,5,207707203,recorded,1.0,1.0,,True,False,True,70,76,1.0,1.0,9.81,False,False,population solved,tournament,77,jobs/temporal-xor-2-in_fnv/05/result.json,
Temporal XOR (2-in),fnv,6,208707206,recorded,1.0,1.0,,True,False,True,29,35,1.0,1.0,3.64,False,False,population solved,tournament,36,jobs/temporal-xor-2-in_fnv/06/result.json,
Temporal XOR (2-in),fnv,7,209707209,recorded,1.0,1.0,,True,False,True,34,38,1.0,1.0,3.48,False,False,population solved,tournament,39,jobs/temporal-xor-2-in_fnv/07/result.json,
Temporal XOR (2-in),fnv,8,210707212,recorded,1.0,1.0,,True,False,True,471,475,1.0,1.0,305.38,False,False,population solved,tournament,476,jobs/temporal-xor-2-in_fnv/08/result.json,
Temporal XOR (2-in),fnv,9,211707215,recorded,1.0,1.0,,True,False,True,2,9,1.0,1.0,1.11,False,False,population solved,tournament,10,jobs/temporal-xor-2-in_fnv/09/result.json,
Temporal XOR (2-in),lut,0,203474336,recorded,1.0,1.0,,True,False,True,62,65,1.0,1.0,31.49,False,False,population solved,tournament,66,jobs/temporal-xor-2-in_lut/00/result.json,
Temporal XOR (2-in),lut,1,204474339,recorded,1.0,1.0,,True,False,True,36,39,1.0,1.0,15.56,False,False,population solved,tournament,40,jobs/temporal-xor-2-in_lut/01/result.json,
Temporal XOR (2-in),lut,2,205474342,recorded,1.0,1.0,,True,False,True,6,9,1.0,1.0,8.0,False,False,population solved,tournament,10,jobs/temporal-xor-2-in_lut/02/result.json,
Temporal XOR (2-in),lut,3,206474345,recorded,1.0,1.0,,True,False,True,23,26,1.0,1.0,11.38,False,False,population solved,tournament,27,jobs/temporal-xor-2-in_lut/03/result.json,
Temporal XOR (2-in),lut,4,207474348,recorded,1.0,1.0,,True,False,True,7,10,1.0,1.0,5.04,False,False,population solved,tournament,11,jobs/temporal-xor-2-in_lut/04/result.json,
Temporal XOR (2-in),lut,5,208474351,recorded,1.0,1.0,,True,False,True,80,83,1.0,1.0,36.08,False,False,population solved,tournament,84,jobs/temporal-xor-2-in_lut/05/result.json,
Temporal XOR (2-in),lut,6,209474354,recorded,1.0,1.0,,True,False,True,29,32,1.0,1.0,12.66,False,False,population solved,tournament,33,jobs/temporal-xor-2-in_lut/06/result.json,
Temporal XOR (2-in),lut,7,210474357,recorded,1.0,1.0,,True,False,True,18,21,1.0,1.0,8.28,False,False,population solved,tournament,22,jobs/temporal-xor-2-in_lut/07/result.json,
Temporal XOR (2-in),lut,8,211474360,recorded,1.0,1.0,,True,False,True,1,4,1.0,1.0,3.09,False,False,population solved,tournament,5,jobs/temporal-xor-2-in_lut/08/result.json,
Temporal XOR (2-in),lut,9,212474363,recorded,1.0,1.0,,True,False,True,16,19,1.0,1.0,7.88,False,False,population solved,tournament,20,jobs/temporal-xor-2-in_lut/09/result.json,
Temporal XOR (2-in),nervous,0,202934637,recorded,0.923077,0.923076923076923,,False,False,False,,600,0.475557,0.4755566172957477,282.13,False,False,,tournament,601,jobs/temporal-xor-2-in_nervous/00/result.json,
Temporal XOR (2-in),nervous,1,203934640,recorded,1.0,1.0,,True,False,True,88,92,1.0,1.0,29.84,False,False,population solved,tournament,93,jobs/temporal-xor-2-in_nervous/01/result.json,
Temporal XOR (2-in),nervous,2,204934643,recorded,1.0,1.0,,True,False,True,26,30,1.0,1.0,7.12,False,False,population solved,tournament,31,jobs/temporal-xor-2-in_nervous/02/result.json,
Temporal XOR (2-in),nervous,3,205934646,recorded,1.0,1.0,,True,False,True,9,13,1.0,1.0,3.07,False,False,population solved,tournament,14,jobs/temporal-xor-2-in_nervous/03/result.json,
Temporal XOR (2-in),nervous,4,206934649,recorded,1.0,1.0,,True,False,True,384,387,1.0,1.0,130.07,False,False,population solved,tournament,388,jobs/temporal-xor-2-in_nervous/04/result.json,
Temporal XOR (2-in),nervous,5,207934652,recorded,1.0,1.0,,True,False,True,23,26,1.0,1.0,4.26,False,False,population solved,tournament,27,jobs/temporal-xor-2-in_nervous/05/result.json,
Temporal XOR (2-in),nervous,6,208934655,recorded,1.0,1.0,,True,False,True,174,177,1.0,1.0,56.52,False,False,population solved,tournament,178,jobs/temporal-xor-2-in_nervous/06/result.json,
Temporal XOR (2-in),nervous,7,209934658,recorded,1.0,1.0,,True,False,True,116,119,1.0,1.0,12.4,False,False,population solved,tournament,120,jobs/temporal-xor-2-in_nervous/07/result.json,
Temporal XOR (2-in),nervous,8,210934661,recorded,1.0,1.0,,True,False,True,113,116,1.0,1.0,34.21,False,False,population solved,tournament,117,jobs/temporal-xor-2-in_nervous/08/result.json,
Temporal XOR (2-in),nervous,9,211934664,recorded,1.0,1.0,,True,False,True,180,183,1.0,1.0,42.08,False,False,population solved,tournament,184,jobs/temporal-xor-2-in_nervous/09/result.json,
Toggle flip-flop,fnv,0,203355849,recorded,1.0,1.0,1.0,True,True,True,22,27,1.0,1.0,5.61,False,False,population solved,tournament,28,jobs/toggle-flip-flop_fnv/00/result.json,
Toggle flip-flop,fnv,1,204355852,recorded,1.0,1.0,1.0,True,True,True,24,29,1.0,1.0,5.77,False,False,population solved,tournament,30,jobs/toggle-flip-flop_fnv/01/result.json,
Toggle flip-flop,fnv,2,205355855,recorded,1.0,1.0,1.0,True,True,True,15,20,1.0,1.0,3.73,False,False,population solved,tournament,21,jobs/toggle-flip-flop_fnv/02/result.json,
Toggle flip-flop,fnv,3,206355858,recorded,1.0,1.0,1.0,True,True,True,28,33,1.0,1.0,16.18,False,False,population solved,tournament,34,jobs/toggle-flip-flop_fnv/03/result.json,
Toggle flip-flop,fnv,4,207355861,recorded,1.0,1.0,1.0,True,True,True,4,9,1.0,1.0,2.12,False,False,population solved,tournament,10,jobs/toggle-flip-flop_fnv/04/result.json,
Toggle flip-flop,fnv,5,208355864,recorded,1.0,1.0,1.0,True,True,True,23,27,1.0,1.0,5.35,False,False,population solved,tournament,28,jobs/toggle-flip-flop_fnv/05/result.json,
Toggle flip-flop,fnv,6,209355867,recorded,1.0,1.0,1.0,True,True,True,2,7,1.0,1.0,1.65,False,False,population solved,tournament,8,jobs/toggle-flip-flop_fnv/06/result.json,
Toggle flip-flop,fnv,7,210355870,recorded,1.0,1.0,1.0,True,True,True,36,41,1.0,1.0,8.1,False,False,population solved,tournament,42,jobs/toggle-flip-flop_fnv/07/result.json,
Toggle flip-flop,fnv,8,211355873,recorded,1.0,1.0,1.0,True,True,True,14,20,1.0,1.0,3.8,False,False,population solved,tournament,21,jobs/toggle-flip-flop_fnv/08/result.json,
Toggle flip-flop,fnv,9,212355876,recorded,1.0,1.0,1.0,True,True,True,20,25,1.0,1.0,10.33,False,False,population solved,tournament,26,jobs/toggle-flip-flop_fnv/09/result.json,
Toggle flip-flop,lut,0,203606344,recorded,0.363267,0.36326706063034186,0.23742827068350283,False,False,False,,357,0.175201,0.17520057905280598,600.46,True,False,time cap 600s,tournament,358,jobs/toggle-flip-flop_lut/00/result.json,
Toggle flip-flop,lut,1,204606347,recorded,0.363267,0.36326706063034186,0.21656876363274202,False,False,False,,600,0.215528,0.21552820012834112,519.25,False,False,,tournament,601,jobs/toggle-flip-flop_lut/01/result.json,
Toggle flip-flop,lut,2,205606350,recorded,0.363267,0.36326706063034186,0.3957287511389074,False,False,False,,600,0.231123,0.23112273500190889,600.6,True,False,time cap 600s,tournament,601,jobs/toggle-flip-flop_lut/02/result.json,
Toggle flip-flop,lut,3,206606353,recorded,0.363267,0.36326706063034186,0.3957287511389074,False,False,False,,194,0.177434,0.17743411891409586,603.12,True,False,time cap 600s,tournament,195,jobs/toggle-flip-flop_lut/03/result.json,
Toggle flip-flop,lut,4,207606356,recorded,0.363267,0.36326706063034186,0.3957287511389074,False,False,False,,600,0.181351,0.18135073251444228,548.96,False,False,,tournament,601,jobs/toggle-flip-flop_lut/04/result.json,
Toggle flip-flop,lut,5,208606359,recorded,0.363267,0.36326706063034186,0.3957287511389074,False,False,False,,600,0.196638,0.19663836448051153,471.76,False,False,,tournament,601,jobs/toggle-flip-flop_lut/05/result.json,
Toggle flip-flop,lut,6,209606362,recorded,0.363267,0.36326706063034186,0.3957287511389074,False,False,False,,600,0.12249,0.12249039814964274,469.73,False,False,,tournament,601,jobs/toggle-flip-flop_lut/06/result.json,
Toggle flip-flop,lut,7,210606365,recorded,0.363267,0.36326706063034186,0.3682351382742008,False,False,False,,600,0.167324,0.16732425552189353,534.72,False,False,,tournament,601,jobs/toggle-flip-flop_lut/07/result.json,
Toggle flip-flop,lut,8,211606368,recorded,0.363267,0.36326706063034186,0.3957287511389074,False,False,False,,600,0.204791,0.2047910645443318,478.51,False,False,,tournament,601,jobs/toggle-flip-flop_lut/08/result.json,
Toggle flip-flop,lut,9,212606371,recorded,0.363267,0.36326706063034186,0.3957287511389074,False,False,False,,600,0.196698,0.1966979587075266,545.0,False,False,,tournament,601,jobs/toggle-flip-flop_lut/09/result.json,
Toggle flip-flop,nervous,0,203493425,recorded,1.0,1.0,1.0,True,True,True,14,18,1.0,1.0,6.2,False,False,population solved,tournament,19,jobs/toggle-flip-flop_nervous/00/result.json,
Toggle flip-flop,nervous,1,204493428,recorded,1.0,1.0,1.0,True,True,True,115,120,1.0,1.0,45.98,False,False,population solved,tournament,121,jobs/toggle-flip-flop_nervous/01/result.json,
Toggle flip-flop,nervous,2,205493431,recorded,1.0,1.0,1.0,True,True,True,409,412,1.0,1.0,210.88,False,False,population solved,tournament,413,jobs/toggle-flip-flop_nervous/02/result.json,
Toggle flip-flop,nervous,3,206493434,recorded,0.854808,0.8548078768997356,0.8730546485335647,False,False,False,,345,0.610093,0.6100927769403953,601.12,True,False,time cap 600s,tournament,346,jobs/toggle-flip-flop_nervous/03/result.json,
Toggle flip-flop,nervous,4,207493437,recorded,1.0,1.0,1.0,True,True,True,56,60,1.0,1.0,16.27,False,False,population solved,tournament,61,jobs/toggle-flip-flop_nervous/04/result.json,
Toggle flip-flop,nervous,5,208493440,recorded,1.0,1.0,1.0,True,True,True,83,87,1.0,1.0,20.14,False,False,population solved,tournament,88,jobs/toggle-flip-flop_nervous/05/result.json,
Toggle flip-flop,nervous,6,209493443,recorded,1.0,1.0,1.0,True,True,True,94,97,1.0,1.0,30.76,False,False,population solved,tournament,98,jobs/toggle-flip-flop_nervous/06/result.json,
Toggle flip-flop,nervous,7,210493446,recorded,1.0,1.0,1.0,True,True,True,181,184,1.0,1.0,50.87,False,False,population solved,tournament,185,jobs/toggle-flip-flop_nervous/07/result.json,
Toggle flip-flop,nervous,8,211493449,recorded,1.0,1.0,1.0,True,True,True,29,33,1.0,1.0,11.28,False,False,population solved,tournament,34,jobs/toggle-flip-flop_nervous/08/result.json,
Toggle flip-flop,nervous,9,212493452,recorded,1.0,1.0,1.0,True,True,True,17,21,1.0,1.0,7.41,False,False,population solved,tournament,22,jobs/toggle-flip-flop_nervous/09/result.json,
Veto gate,fnv,0,202627019,recorded,1.0,1.0,,True,False,True,11,15,1.0,1.0,1.69,False,False,population solved,tournament,16,jobs/veto-gate_fnv/00/result.json,
Veto gate,fnv,1,203627022,recorded,1.0,1.0,,True,False,True,7,12,1.0,1.0,1.43,False,False,population solved,tournament,13,jobs/veto-gate_fnv/01/result.json,
Veto gate,fnv,2,204627025,recorded,1.0,1.0,,True,False,True,30,35,1.0,1.0,5.05,False,False,population solved,tournament,36,jobs/veto-gate_fnv/02/result.json,
Veto gate,fnv,3,205627028,recorded,1.0,1.0,,True,False,True,8,12,1.0,1.0,1.46,False,False,population solved,tournament,13,jobs/veto-gate_fnv/03/result.json,
Veto gate,fnv,4,206627031,recorded,1.0,1.0,,True,False,True,7,11,1.0,1.0,1.39,False,False,population solved,tournament,12,jobs/veto-gate_fnv/04/result.json,
Veto gate,fnv,5,207627034,recorded,1.0,1.0,,True,False,True,126,130,1.0,1.0,33.38,False,False,population solved,tournament,131,jobs/veto-gate_fnv/05/result.json,
Veto gate,fnv,6,208627037,recorded,1.0,1.0,,True,False,True,44,49,1.0,1.0,5.45,False,False,population solved,tournament,50,jobs/veto-gate_fnv/06/result.json,
Veto gate,fnv,7,209627040,recorded,1.0,1.0,,True,False,True,12,17,1.0,1.0,1.81,False,False,population solved,tournament,18,jobs/veto-gate_fnv/07/result.json,
Veto gate,fnv,8,210627043,recorded,1.0,1.0,,True,False,True,17,22,1.0,1.0,2.18,False,False,population solved,tournament,23,jobs/veto-gate_fnv/08/result.json,
Veto gate,fnv,9,211627046,recorded,1.0,1.0,,True,False,True,36,40,1.0,1.0,4.24,False,False,population solved,tournament,41,jobs/veto-gate_fnv/09/result.json,
Veto gate,lut,0,203256323,recorded,1.0,1.0,,True,False,True,46,50,1.0,1.0,19.54,False,False,population solved,tournament,51,jobs/veto-gate_lut/00/result.json,
Veto gate,lut,1,204256326,recorded,1.0,1.0,,True,False,True,80,83,1.0,1.0,37.96,False,False,population solved,tournament,84,jobs/veto-gate_lut/01/result.json,
Veto gate,lut,2,205256329,recorded,1.0,1.0,,True,False,True,12,16,1.0,1.0,16.75,False,False,population solved,tournament,17,jobs/veto-gate_lut/02/result.json,
Veto gate,lut,3,206256332,recorded,1.0,1.0,,True,False,True,168,171,1.0,1.0,98.42,False,False,population solved,tournament,172,jobs/veto-gate_lut/03/result.json,
Veto gate,lut,4,207256335,recorded,1.0,1.0,,True,False,True,34,37,1.0,1.0,16.11,False,False,population solved,tournament,38,jobs/veto-gate_lut/04/result.json,
Veto gate,lut,5,208256338,recorded,1.0,1.0,,True,False,True,21,24,1.0,1.0,8.75,False,False,population solved,tournament,25,jobs/veto-gate_lut/05/result.json,
Veto gate,lut,6,209256341,recorded,1.0,1.0,,True,False,True,20,24,1.0,1.0,10.12,False,False,population solved,tournament,25,jobs/veto-gate_lut/06/result.json,
Veto gate,lut,7,210256344,recorded,1.0,1.0,,True,False,True,22,25,1.0,1.0,9.73,False,False,population solved,tournament,26,jobs/veto-gate_lut/07/result.json,
Veto gate,lut,8,211256347,recorded,1.0,1.0,,True,False,True,35,38,1.0,1.0,15.86,False,False,population solved,tournament,39,jobs/veto-gate_lut/08/result.json,
Veto gate,lut,9,212256350,recorded,1.0,1.0,,True,False,True,29,32,1.0,1.0,12.78,False,False,population solved,tournament,33,jobs/veto-gate_lut/09/result.json,
Veto gate,nervous,0,202633133,recorded,1.0,1.0,,True,False,True,214,218,1.0,1.0,59.04,False,False,population solved,tournament,219,jobs/veto-gate_nervous/00/result.json,
Veto gate,nervous,1,203633136,recorded,1.0,1.0,,True,False,True,48,53,1.0,1.0,7.93,False,False,population solved,tournament,54,jobs/veto-gate_nervous/01/result.json,
Veto gate,nervous,2,204633139,recorded,1.0,1.0,,True,False,True,1,5,1.0,1.0,1.84,False,False,population solved,tournament,6,jobs/veto-gate_nervous/02/result.json,
Veto gate,nervous,3,205633142,recorded,1.0,1.0,,True,False,True,44,48,1.0,1.0,11.79,False,False,population solved,tournament,49,jobs/veto-gate_nervous/03/result.json,
Veto gate,nervous,4,206633145,recorded,1.0,1.0,,True,False,True,10,13,1.0,1.0,3.39,False,False,population solved,tournament,14,jobs/veto-gate_nervous/04/result.json,
Veto gate,nervous,5,207633148,recorded,1.0,1.0,,True,False,True,35,39,1.0,1.0,8.74,False,False,population solved,tournament,40,jobs/veto-gate_nervous/05/result.json,
Veto gate,nervous,6,208633151,recorded,1.0,1.0,,True,False,True,43,46,1.0,1.0,9.84,False,False,population solved,tournament,47,jobs/veto-gate_nervous/06/result.json,
Veto gate,nervous,7,209633154,recorded,1.0,1.0,,True,False,True,4,8,1.0,1.0,2.38,False,False,population solved,tournament,9,jobs/veto-gate_nervous/07/result.json,
Veto gate,nervous,8,210633157,recorded,1.0,1.0,,True,False,True,2,7,1.0,1.0,2.28,False,False,population solved,tournament,8,jobs/veto-gate_nervous/08/result.json,
Veto gate,nervous,9,211633160,recorded,1.0,1.0,,True,False,True,338,341,1.0,1.0,97.26,False,False,population solved,tournament,342,jobs/veto-gate_nervous/09/result.json,
Watchdog timeout (5 seconds),fnv,0,203265359,recorded,0.873239,0.8732394366197184,0.8290509687769961,False,False,False,,600,0.421661,0.42166082706387353,369.82,False,False,,tournament,601,jobs/watchdog-timeout-5-seconds_fnv/00/result.json,
Watchdog timeout (5 seconds),fnv,1,204265362,recorded,0.704545,0.7045454545454546,0.6995820271682341,False,False,False,,600,0.239358,0.23935774751564226,434.55,False,False,,tournament,601,jobs/watchdog-timeout-5-seconds_fnv/01/result.json,
Watchdog timeout (5 seconds),fnv,2,205265365,recorded,0.815789,0.8157894736842105,0.776560640484691,False,False,False,,446,0.417635,0.41763514275226593,603.57,True,False,time cap 600s,tournament,447,jobs/watchdog-timeout-5-seconds_fnv/02/result.json,
Watchdog timeout (5 seconds),fnv,3,206265368,recorded,0.704545,0.7045454545454546,0.6995820271682341,False,False,False,,600,0.364015,0.36401515151515157,394.17,False,False,,tournament,601,jobs/watchdog-timeout-5-seconds_fnv/03/result.json,
Watchdog timeout (5 seconds),fnv,4,207265371,recorded,0.78481,0.7848101265822784,0.8181058707374497,False,False,False,,600,0.207794,0.207793868498786,543.31,False,False,,tournament,601,jobs/watchdog-timeout-5-seconds_fnv/04/result.json,
Watchdog timeout (5 seconds),fnv,5,208265374,recorded,1.0,1.0,0.9839535085436725,True,True,False,599,600,0.937158,0.9371584699453552,336.56,False,False,,tournament,601,jobs/watchdog-timeout-5-seconds_fnv/05/result.json,
Watchdog timeout (5 seconds),fnv,6,209265377,recorded,0.815789,0.8157894736842105,0.776560640484691,False,False,False,,600,0.412333,0.4123326245006532,416.99,False,False,,tournament,601,jobs/watchdog-timeout-5-seconds_fnv/06/result.json,
Watchdog timeout (5 seconds),fnv,7,210265380,recorded,0.873239,0.8732394366197184,0.8290509687769961,False,False,False,,600,0.336369,0.33636894423080127,448.21,False,False,,tournament,601,jobs/watchdog-timeout-5-seconds_fnv/07/result.json,
Watchdog timeout (5 seconds),fnv,8,211265383,recorded,0.815789,0.8157894736842105,0.776560640484691,False,False,False,,600,0.359145,0.35914517306136473,435.8,False,False,,tournament,601,jobs/watchdog-timeout-5-seconds_fnv/08/result.json,
Watchdog timeout (5 seconds),fnv,9,212265386,recorded,0.815789,0.8157894736842105,0.776560640484691,False,False,False,,600,0.423621,0.4236209083697112,375.88,False,False,,tournament,601,jobs/watchdog-timeout-5-seconds_fnv/09/result.json,
Watchdog timeout (5 seconds),lut,0,203035798,recorded,0.746988,0.7469879518072289,0.741894406895876,False,False,False,,600,0.151627,0.15162654574497716,477.37,False,False,,tournament,601,jobs/watchdog-timeout-5-seconds_lut/00/result.json,
Watchdog timeout (5 seconds),lut,1,204035801,recorded,0.746988,0.7469879518072289,0.741894406895876,False,False,False,,600,0.236794,0.2367944809377527,511.14,False,False,,tournament,601,jobs/watchdog-timeout-5-seconds_lut/01/result.json,
Watchdog timeout (5 seconds),lut,2,205035804,recorded,0.746988,0.7469879518072289,0.741894406895876,False,False,False,,239,0.205996,0.20599600790599346,603.32,True,False,time cap 600s,tournament,240,jobs/watchdog-timeout-5-seconds_lut/02/result.json,
Watchdog timeout (5 seconds),lut,3,206035807,recorded,0.704545,0.7045454545454546,0.6995820271682341,False,False,False,,600,0.194447,0.1944470145577264,513.81,False,False,,tournament,601,jobs/watchdog-timeout-5-seconds_lut/03/result.json,
Watchdog timeout (5 seconds),lut,4,207035810,recorded,0.704545,0.7045454545454546,0.6995820271682341,False,False,False,,600,0.125469,0.12546860207495705,468.82,False,False,,tournament,601,jobs/watchdog-timeout-5-seconds_lut/04/result.json,
Watchdog timeout (5 seconds),lut,5,208035813,recorded,0.704545,0.7045454545454546,0.6995820271682341,False,False,False,,600,0.16047,0.16046977946646815,470.53,False,False,,tournament,601,jobs/watchdog-timeout-5-seconds_lut/05/result.json,
Watchdog timeout (5 seconds),lut,6,209035816,recorded,0.746988,0.7469879518072289,0.741894406895876,False,False,False,,600,0.232186,0.23218644197595378,457.02,False,False,,tournament,601,jobs/watchdog-timeout-5-seconds_lut/06/result.json,
Watchdog timeout (5 seconds),lut,7,210035819,recorded,0.746988,0.7469879518072289,0.741894406895876,False,False,False,,600,0.233207,0.23320653276506542,549.69,False,False,,tournament,601,jobs/watchdog-timeout-5-seconds_lut/07/result.json,
Watchdog timeout (5 seconds),lut,8,211035822,recorded,0.746988,0.7469879518072289,0.741894406895876,False,False,False,,600,0.241289,0.2412891852462984,561.54,False,False,,tournament,601,jobs/watchdog-timeout-5-seconds_lut/08/result.json,
Watchdog timeout (5 seconds),lut,9,212035825,recorded,0.704545,0.7045454545454546,0.6995820271682341,False,False,False,,600,0.177634,0.177633874289168,459.25,False,False,,tournament,601,jobs/watchdog-timeout-5-seconds_lut/09/result.json,
Watchdog timeout (5 seconds),nervous,0,203569333,recorded,0.771429,0.7714285714285716,0.7381324986958789,False,False,False,,600,0.580296,0.5802955622092619,217.97,False,False,,tournament,601,jobs/watchdog-timeout-5-seconds_nervous/00/result.json,
Watchdog timeout (5 seconds),nervous,1,204569336,recorded,1.0,1.0,1.0,True,True,True,411,414,1.0,1.0,117.25,False,False,population solved,tournament,415,jobs/watchdog-timeout-5-seconds_nervous/01/result.json,
Watchdog timeout (5 seconds),nervous,2,205569339,recorded,0.826667,0.8266666666666667,0.7640137640137641,False,False,False,,485,0.330834,0.3308339088703049,601.0,True,False,time cap 600s,tournament,486,jobs/watchdog-timeout-5-seconds_nervous/02/result.json,
Watchdog timeout (5 seconds),nervous,3,206569342,recorded,0.815789,0.8157894736842105,0.776560640484691,False,False,False,,600,0.265444,0.2654443040984908,242.55,False,False,,tournament,601,jobs/watchdog-timeout-5-seconds_nervous/03/result.json,
Watchdog timeout (5 seconds),nervous,4,207569345,recorded,0.716418,0.7164179104477612,0.6198005698005699,False,False,False,,600,0.214933,0.214932692664472,192.09,False,False,,tournament,601,jobs/watchdog-timeout-5-seconds_nervous/04/result.json,
Watchdog timeout (5 seconds),nervous,5,208569348,recorded,0.925373,0.9253731343283582,0.9110049226856495,False,False,False,,600,0.259328,0.25932799191176087,236.07,False,False,,tournament,601,jobs/watchdog-timeout-5-seconds_nervous/05/result.json,
Watchdog timeout (5 seconds),nervous,6,209569351,recorded,0.909091,0.909090909090909,0.8006001737345021,False,False,False,,600,0.324476,0.3244763189585801,244.22,False,False,,tournament,601,jobs/watchdog-timeout-5-seconds_nervous/06/result.json,
Watchdog timeout (5 seconds),nervous,7,210569354,recorded,0.756098,0.7560975609756097,0.6666666666666666,False,False,False,,600,0.279134,0.27913374609950686,206.67,False,False,,tournament,601,jobs/watchdog-timeout-5-seconds_nervous/07/result.json,
Watchdog timeout (5 seconds),nervous,8,211569357,recorded,0.925373,0.9253731343283582,0.9246077305778798,False,False,False,,600,0.539861,0.5398611238338311,235.45,False,False,,tournament,601,jobs/watchdog-timeout-5-seconds_nervous/08/result.json,
Watchdog timeout (5 seconds),nervous,9,212569360,recorded,1.0,1.0,1.0,True,True,True,596,600,1.0,1.0,240.91,False,False,population solved,tournament,601,jobs/watchdog-timeout-5-seconds_nervous/09/result.json,
XNOR (temporal),fnv,0,203408920,recorded,1.0,1.0,1.0,True,True,True,172,174,1.0,1.0,76.41,False,False,population solved,lexicase,175,jobs/xnor-temporal_fnv/00/result.json,
XNOR (temporal),fnv,1,204408923,recorded,0.8,0.8000000000000002,0.8000000000000002,False,False,False,,600,0.44963,0.44962962962962966,504.47,False,False,,lexicase,601,jobs/xnor-temporal_fnv/01/result.json,
XNOR (temporal),fnv,2,205408926,recorded,1.0,1.0,1.0,True,True,True,70,73,1.0,1.0,55.29,False,False,population solved,lexicase,74,jobs/xnor-temporal_fnv/02/result.json,
XNOR (temporal),fnv,3,206408929,recorded,0.8,0.8000000000000002,0.8000000000000002,False,False,False,,600,0.497685,0.49768518518518523,534.5,False,False,,lexicase,601,jobs/xnor-temporal_fnv/03/result.json,
XNOR (temporal),fnv,4,207408932,recorded,0.8,0.8000000000000002,0.8000000000000002,False,False,False,,600,0.456515,0.4565145502645503,563.21,False,False,,lexicase,601,jobs/xnor-temporal_fnv/04/result.json,
XNOR (temporal),fnv,5,208408935,recorded,1.0,1.0,1.0,True,True,True,57,59,1.0,1.0,8.55,False,False,population solved,lexicase,60,jobs/xnor-temporal_fnv/05/result.json,
XNOR (temporal),fnv,6,209408938,recorded,0.7,0.7000000000000001,0.6,False,False,False,,600,0.402315,0.40231481481481485,474.66,False,False,,lexicase,601,jobs/xnor-temporal_fnv/06/result.json,
XNOR (temporal),fnv,7,210408941,recorded,0.8,0.8000000000000002,0.8000000000000002,False,False,False,,600,0.475,0.475,528.7,False,False,,lexicase,601,jobs/xnor-temporal_fnv/07/result.json,
XNOR (temporal),fnv,8,211408944,recorded,0.8,0.8000000000000002,0.8000000000000002,False,False,False,,523,0.535761,0.5357605820105821,600.79,True,False,time cap 600s,lexicase,524,jobs/xnor-temporal_fnv/08/result.json,
XNOR (temporal),fnv,9,212408947,recorded,1.0,1.0,1.0,True,True,True,162,165,1.0,1.0,49.73,False,False,population solved,lexicase,166,jobs/xnor-temporal_fnv/09/result.json,
XNOR (temporal),lut,0,202933098,recorded,1.0,1.0,1.0,True,True,True,42,45,1.0,1.0,38.05,False,False,population solved,lexicase,46,jobs/xnor-temporal_lut/00/result.json,
XNOR (temporal),lut,1,203933101,recorded,1.0,1.0,1.0,True,True,True,110,113,1.0,1.0,96.96,False,False,population solved,lexicase,114,jobs/xnor-temporal_lut/01/result.json,
XNOR (temporal),lut,2,204933104,recorded,1.0,1.0,1.0,True,True,True,50,53,1.0,1.0,176.19,False,False,population solved,lexicase,54,jobs/xnor-temporal_lut/02/result.json,
XNOR (temporal),lut,3,205933107,recorded,1.0,1.0,1.0,True,True,True,7,10,1.0,1.0,10.3,False,False,population solved,lexicase,11,jobs/xnor-temporal_lut/03/result.json,
XNOR (temporal),lut,4,206933110,recorded,1.0,1.0,1.0,True,True,True,48,51,1.0,1.0,44.93,False,False,population solved,lexicase,52,jobs/xnor-temporal_lut/04/result.json,
XNOR (temporal),lut,5,207933113,recorded,1.0,1.0,0.7462962962962963,True,False,True,138,141,1.0,1.0,122.64,False,False,population solved,lexicase,142,jobs/xnor-temporal_lut/05/result.json,
XNOR (temporal),lut,6,208933116,recorded,1.0,1.0,1.0,True,True,True,36,39,1.0,1.0,32.41,False,False,population solved,lexicase,40,jobs/xnor-temporal_lut/06/result.json,
XNOR (temporal),lut,7,209933119,recorded,1.0,1.0,1.0,True,True,True,54,57,1.0,1.0,48.45,False,False,population solved,lexicase,58,jobs/xnor-temporal_lut/07/result.json,
XNOR (temporal),lut,8,210933122,recorded,1.0,1.0,1.0,True,True,True,85,88,1.0,1.0,77.9,False,False,population solved,lexicase,89,jobs/xnor-temporal_lut/08/result.json,
XNOR (temporal),lut,9,211933125,recorded,1.0,1.0,0.17639796659404502,True,False,True,116,119,1.0,1.0,100.76,False,False,population solved,lexicase,120,jobs/xnor-temporal_lut/09/result.json,
XNOR (temporal),nervous,0,203438702,recorded,0.8,0.8000000000000002,0.8000000000000002,False,False,False,,600,0.404087,0.4040873015873016,144.42,False,False,,lexicase,601,jobs/xnor-temporal_nervous/00/result.json,
XNOR (temporal),nervous,1,204438705,recorded,0.8,0.8000000000000002,0.8000000000000002,False,False,False,,600,0.369339,0.36933862433862436,104.24,False,False,,lexicase,601,jobs/xnor-temporal_nervous/01/result.json,
XNOR (temporal),nervous,2,205438708,recorded,0.666667,0.6666666666666666,0.6666666666666666,False,False,False,,600,0.301574,0.3015740740740741,539.7,False,False,,lexicase,601,jobs/xnor-temporal_nervous/02/result.json,
XNOR (temporal),nervous,3,206438711,recorded,0.8,0.8000000000000002,0.8000000000000002,False,False,False,,600,0.366667,0.36666666666666664,101.26,False,False,,lexicase,601,jobs/xnor-temporal_nervous/03/result.json,
XNOR (temporal),nervous,4,207438714,recorded,0.8,0.8000000000000002,0.8000000000000002,False,False,False,,600,0.385093,0.38509259259259265,121.33,False,False,,lexicase,601,jobs/xnor-temporal_nervous/04/result.json,
XNOR (temporal),nervous,5,208438717,recorded,0.8,0.8000000000000002,0.8000000000000002,False,False,False,,600,0.343743,0.3437433862433863,241.08,False,False,,lexicase,601,jobs/xnor-temporal_nervous/05/result.json,
XNOR (temporal),nervous,6,209438720,recorded,0.8,0.8000000000000002,0.8000000000000002,False,False,False,,600,0.418783,0.4187830687830688,148.21,False,False,,lexicase,601,jobs/xnor-temporal_nervous/06/result.json,
XNOR (temporal),nervous,7,210438723,recorded,0.8,0.8000000000000002,0.8000000000000002,False,False,False,,600,0.371296,0.3712962962962963,165.48,False,False,,lexicase,601,jobs/xnor-temporal_nervous/07/result.json,
XNOR (temporal),nervous,8,211438726,recorded,0.666667,0.6666666666666666,0.6666666666666666,False,False,False,,600,0.339954,0.3399537037037037,167.57,False,False,,lexicase,601,jobs/xnor-temporal_nervous/08/result.json,
XNOR (temporal),nervous,9,212438729,recorded,0.8,0.8000000000000002,0.8000000000000002,False,False,False,,600,0.392487,0.3924867724867725,125.32,False,False,,lexicase,601,jobs/xnor-temporal_nervous/09/result.json,
XNOR,fnv,0,202757298,recorded,0.75,0.75,0.75,False,False,False,,600,0.591667,0.5916666666666667,510.87,False,False,,lexicase,601,jobs/xnor_fnv/00/result.json,
XNOR,fnv,1,203757301,recorded,0.75,0.75,0.75,False,False,False,,600,0.608333,0.6083333333333333,451.59,False,False,,lexicase,601,jobs/xnor_fnv/01/result.json,
XNOR,fnv,2,204757304,recorded,0.75,0.75,0.75,False,False,False,,263,0.608333,0.6083333333333333,601.47,True,False,time cap 600s,lexicase,264,jobs/xnor_fnv/02/result.json,
XNOR,fnv,3,205757307,recorded,0.75,0.75,0.75,False,False,False,,600,0.6125,0.6125,473.87,False,False,,lexicase,601,jobs/xnor_fnv/03/result.json,
XNOR,fnv,4,206757310,recorded,0.75,0.75,0.75,False,False,False,,600,0.616667,0.6166666666666667,412.28,False,False,,lexicase,601,jobs/xnor_fnv/04/result.json,
XNOR,fnv,5,207757313,recorded,0.75,0.75,0.75,False,False,False,,600,0.604167,0.6041666666666666,583.21,False,False,,lexicase,601,jobs/xnor_fnv/05/result.json,
XNOR,fnv,6,208757316,recorded,0.75,0.75,0.75,False,False,False,,539,0.595833,0.5958333333333333,601.68,True,False,time cap 600s,lexicase,540,jobs/xnor_fnv/06/result.json,
XNOR,fnv,7,209757319,recorded,0.75,0.75,0.75,False,False,False,,600,0.604167,0.6041666666666666,528.86,False,False,,lexicase,601,jobs/xnor_fnv/07/result.json,
XNOR,fnv,8,210757322,recorded,0.75,0.75,0.75,False,False,False,,600,0.6,0.6,569.41,False,False,,lexicase,601,jobs/xnor_fnv/08/result.json,
XNOR,fnv,9,211757325,recorded,0.75,0.75,0.75,False,False,False,,600,0.620833,0.6208333333333333,552.02,False,False,,lexicase,601,jobs/xnor_fnv/09/result.json,
XNOR,lut,0,202906754,recorded,1.0,1.0,0.75,True,False,True,99,102,1.0,1.0,59.6,False,False,population solved,lexicase,103,jobs/xnor_lut/00/result.json,
XNOR,lut,1,203906757,recorded,1.0,1.0,1.0,True,True,True,45,48,1.0,1.0,29.03,False,False,population solved,lexicase,49,jobs/xnor_lut/01/result.json,
XNOR,lut,2,204906760,recorded,1.0,1.0,1.0,True,True,True,25,28,1.0,1.0,60.29,False,False,population solved,lexicase,29,jobs/xnor_lut/02/result.json,
XNOR,lut,3,205906763,recorded,1.0,1.0,1.0,True,True,True,40,43,1.0,1.0,27.24,False,False,population solved,lexicase,44,jobs/xnor_lut/03/result.json,
XNOR,lut,4,206906766,recorded,1.0,1.0,1.0,True,True,True,45,48,1.0,1.0,30.44,False,False,population solved,lexicase,49,jobs/xnor_lut/04/result.json,
XNOR,lut,5,207906769,recorded,1.0,1.0,1.0,True,True,True,44,47,1.0,1.0,27.23,False,False,population solved,lexicase,48,jobs/xnor_lut/05/result.json,
XNOR,lut,6,208906772,recorded,1.0,1.0,0.75,True,False,True,56,59,1.0,1.0,33.45,False,False,population solved,lexicase,60,jobs/xnor_lut/06/result.json,
XNOR,lut,7,209906775,recorded,1.0,1.0,1.0,True,True,True,27,30,1.0,1.0,17.91,False,False,population solved,lexicase,31,jobs/xnor_lut/07/result.json,
XNOR,lut,8,210906778,recorded,1.0,1.0,0.5,True,False,True,15,18,1.0,1.0,12.46,False,False,population solved,lexicase,19,jobs/xnor_lut/08/result.json,
XNOR,lut,9,211906781,recorded,1.0,1.0,1.0,True,True,True,25,28,1.0,1.0,16.24,False,False,population solved,lexicase,29,jobs/xnor_lut/09/result.json,
XOR (temporal),fnv,0,202839037,recorded,1.0,1.0,1.0,True,True,True,97,99,1.0,1.0,41.48,False,False,population solved,lexicase,100,jobs/xor-temporal_fnv/00/result.json,
XOR (temporal),fnv,1,203839040,recorded,1.0,1.0,1.0,True,True,True,97,100,1.0,1.0,26.05,False,False,population solved,lexicase,101,jobs/xor-temporal_fnv/01/result.json,
XOR (temporal),fnv,2,204839043,recorded,1.0,1.0,1.0,True,True,True,41,44,1.0,1.0,6.39,False,False,population solved,lexicase,45,jobs/xor-temporal_fnv/02/result.json,
XOR (temporal),fnv,3,205839046,recorded,1.0,1.0,1.0,True,True,True,88,90,1.0,1.0,64.61,False,False,population solved,lexicase,91,jobs/xor-temporal_fnv/03/result.json,
XOR (temporal),fnv,4,206839049,recorded,1.0,1.0,1.0,True,True,True,224,227,1.0,1.0,102.1,False,False,population solved,lexicase,228,jobs/xor-temporal_fnv/04/result.json,
XOR (temporal),fnv,5,207839052,recorded,1.0,1.0,1.0,True,True,True,72,74,1.0,1.0,22.81,False,False,population solved,lexicase,75,jobs/xor-temporal_fnv/05/result.json,
XOR (temporal),fnv,6,208839055,recorded,1.0,1.0,1.0,True,True,True,10,12,1.0,1.0,1.79,False,False,population solved,lexicase,13,jobs/xor-temporal_fnv/06/result.json,
XOR (temporal),fnv,7,209839058,recorded,1.0,1.0,1.0,True,True,True,148,151,1.0,1.0,57.75,False,False,population solved,lexicase,152,jobs/xor-temporal_fnv/07/result.json,
XOR (temporal),fnv,8,210839061,recorded,1.0,1.0,1.0,True,True,True,66,68,1.0,1.0,18.57,False,False,population solved,lexicase,69,jobs/xor-temporal_fnv/08/result.json,
XOR (temporal),fnv,9,211839064,recorded,1.0,1.0,1.0,True,True,True,19,22,1.0,1.0,2.76,False,False,population solved,lexicase,23,jobs/xor-temporal_fnv/09/result.json,
XOR (temporal),lut,0,203125664,recorded,1.0,1.0,1.0,True,True,True,35,38,1.0,1.0,31.17,False,False,population solved,lexicase,39,jobs/xor-temporal_lut/00/result.json,
XOR (temporal),lut,1,204125667,recorded,1.0,1.0,1.0,True,True,True,12,15,1.0,1.0,12.27,False,False,population solved,lexicase,16,jobs/xor-temporal_lut/01/result.json,
XOR (temporal),lut,2,205125670,recorded,1.0,1.0,1.0,True,True,True,1,4,1.0,1.0,4.66,False,False,population solved,lexicase,5,jobs/xor-temporal_lut/02/result.json,
XOR (temporal),lut,3,206125673,recorded,1.0,1.0,1.0,True,True,True,3,6,1.0,1.0,13.68,False,False,population solved,lexicase,7,jobs/xor-temporal_lut/03/result.json,
XOR (temporal),lut,4,207125676,recorded,1.0,1.0,1.0,True,True,True,3,5,1.0,1.0,5.55,False,False,population solved,lexicase,6,jobs/xor-temporal_lut/04/result.json,
XOR (temporal),lut,5,208125679,recorded,1.0,1.0,1.0,True,True,True,4,6,1.0,1.0,6.07,False,False,population solved,lexicase,7,jobs/xor-temporal_lut/05/result.json,
XOR (temporal),lut,6,209125682,recorded,1.0,1.0,1.0,True,True,True,21,24,1.0,1.0,17.48,False,False,population solved,lexicase,25,jobs/xor-temporal_lut/06/result.json,
XOR (temporal),lut,7,210125685,recorded,1.0,1.0,1.0,True,True,True,7,11,1.0,1.0,9.4,False,False,population solved,lexicase,12,jobs/xor-temporal_lut/07/result.json,
XOR (temporal),lut,8,211125688,recorded,1.0,1.0,0.6666666666666666,True,False,True,19,22,1.0,1.0,16.31,False,False,population solved,lexicase,23,jobs/xor-temporal_lut/08/result.json,
XOR (temporal),lut,9,212125691,recorded,1.0,1.0,1.0,True,True,True,2,5,1.0,1.0,5.68,False,False,population solved,lexicase,6,jobs/xor-temporal_lut/09/result.json,
XOR (temporal),nervous,0,203304271,recorded,1.0,1.0,1.0,True,True,True,62,65,1.0,1.0,18.43,False,False,population solved,lexicase,66,jobs/xor-temporal_nervous/00/result.json,
XOR (temporal),nervous,1,204304274,recorded,1.0,1.0,1.0,True,True,True,203,206,1.0,1.0,45.3,False,False,population solved,lexicase,207,jobs/xor-temporal_nervous/01/result.json,
XOR (temporal),nervous,2,205304277,recorded,1.0,1.0,1.0,True,True,True,303,306,1.0,1.0,74.31,False,False,population solved,lexicase,307,jobs/xor-temporal_nervous/02/result.json,
XOR (temporal),nervous,3,206304280,recorded,1.0,1.0,1.0,True,True,True,250,253,1.0,1.0,192.83,False,False,population solved,lexicase,254,jobs/xor-temporal_nervous/03/result.json,
XOR (temporal),nervous,4,207304283,recorded,1.0,1.0,1.0,True,True,True,102,105,1.0,1.0,15.89,False,False,population solved,lexicase,106,jobs/xor-temporal_nervous/04/result.json,
XOR (temporal),nervous,5,208304286,recorded,1.0,1.0,1.0,True,True,True,82,85,1.0,1.0,18.48,False,False,population solved,lexicase,86,jobs/xor-temporal_nervous/05/result.json,
XOR (temporal),nervous,6,209304289,recorded,1.0,1.0,1.0,True,True,True,10,13,1.0,1.0,3.48,False,False,population solved,lexicase,14,jobs/xor-temporal_nervous/06/result.json,
XOR (temporal),nervous,7,210304292,recorded,1.0,1.0,1.0,True,True,True,13,17,1.0,1.0,3.17,False,False,population solved,lexicase,18,jobs/xor-temporal_nervous/07/result.json,
XOR (temporal),nervous,8,211304295,recorded,1.0,1.0,1.0,True,True,True,9,12,1.0,1.0,2.87,False,False,population solved,lexicase,13,jobs/xor-temporal_nervous/08/result.json,
XOR (temporal),nervous,9,212304298,recorded,1.0,1.0,1.0,True,True,True,240,243,1.0,1.0,55.11,False,False,population solved,lexicase,244,jobs/xor-temporal_nervous/09/result.json,
XOR,fnv,0,202710170,recorded,1.0,1.0,1.0,True,True,True,11,14,1.0,1.0,1.55,False,False,population solved,lexicase,15,jobs/xor_fnv/00/result.json,
XOR,fnv,1,203710173,recorded,1.0,1.0,1.0,True,True,True,6,9,1.0,1.0,1.24,False,False,population solved,lexicase,10,jobs/xor_fnv/01/result.json,
XOR,fnv,2,204710176,recorded,1.0,1.0,1.0,True,True,True,18,21,1.0,1.0,2.16,False,False,population solved,lexicase,22,jobs/xor_fnv/02/result.json,
XOR,fnv,3,205710179,recorded,1.0,1.0,1.0,True,True,True,6,9,1.0,1.0,1.31,False,False,population solved,lexicase,10,jobs/xor_fnv/03/result.json,
XOR,fnv,4,206710182,recorded,1.0,1.0,1.0,True,True,True,3,5,1.0,1.0,1.01,False,False,population solved,lexicase,6,jobs/xor_fnv/04/result.json,
XOR,fnv,5,207710185,recorded,1.0,1.0,1.0,True,True,True,20,23,1.0,1.0,2.37,False,False,population solved,lexicase,24,jobs/xor_fnv/05/result.json,
XOR,fnv,6,208710188,recorded,1.0,1.0,1.0,True,True,True,6,10,1.0,1.0,1.46,False,False,population solved,lexicase,11,jobs/xor_fnv/06/result.json,
XOR,fnv,7,209710191,recorded,1.0,1.0,1.0,True,True,True,14,16,1.0,1.0,1.89,False,False,population solved,lexicase,17,jobs/xor_fnv/07/result.json,
XOR,fnv,8,210710194,recorded,1.0,1.0,1.0,True,True,True,7,10,1.0,1.0,1.58,False,False,population solved,lexicase,11,jobs/xor_fnv/08/result.json,
XOR,fnv,9,211710197,recorded,1.0,1.0,1.0,True,True,True,4,7,1.0,1.0,1.09,False,False,population solved,lexicase,8,jobs/xor_fnv/09/result.json,
XOR,lut,0,202632659,recorded,1.0,1.0,1.0,True,True,True,3,6,1.0,1.0,4.71,False,False,population solved,lexicase,7,jobs/xor_lut/00/result.json,
XOR,lut,1,203632662,recorded,1.0,1.0,1.0,True,True,True,22,25,1.0,1.0,14.2,False,False,population solved,lexicase,26,jobs/xor_lut/01/result.json,
XOR,lut,2,204632665,recorded,1.0,1.0,1.0,True,True,True,1,4,1.0,1.0,4.26,False,False,population solved,lexicase,5,jobs/xor_lut/02/result.json,
XOR,lut,3,205632668,recorded,1.0,1.0,1.0,True,True,True,1,4,1.0,1.0,4.03,False,False,population solved,lexicase,5,jobs/xor_lut/03/result.json,
XOR,lut,4,206632671,recorded,1.0,1.0,0.6527777777777777,True,False,True,8,11,1.0,1.0,7.24,False,False,population solved,lexicase,12,jobs/xor_lut/04/result.json,
XOR,lut,5,207632674,recorded,1.0,1.0,1.0,True,True,True,2,5,1.0,1.0,4.42,False,False,population solved,lexicase,6,jobs/xor_lut/05/result.json,
XOR,lut,6,208632677,recorded,1.0,1.0,1.0,True,True,True,1,4,1.0,1.0,3.57,False,False,population solved,lexicase,5,jobs/xor_lut/06/result.json,
XOR,lut,7,209632680,recorded,1.0,1.0,1.0,True,True,True,2,4,1.0,1.0,3.67,False,False,population solved,lexicase,5,jobs/xor_lut/07/result.json,
XOR,lut,8,210632683,recorded,1.0,1.0,1.0,True,True,True,6,9,1.0,1.0,5.87,False,False,population solved,lexicase,10,jobs/xor_lut/08/result.json,
XOR,lut,9,211632686,recorded,1.0,1.0,1.0,True,True,True,11,14,1.0,1.0,7.94,False,False,population solved,lexicase,15,jobs/xor_lut/09/result.json,
2x2 multiplier (temporal),lut,2,,skipped,,,,,,,,,,,,,,,,,,Skip remaining seeds when first two attempts both time out below generation 50.
2x2 multiplier (temporal),lut,3,,skipped,,,,,,,,,,,,,,,,,,Skip remaining seeds when first two attempts both time out below generation 50.
2x2 multiplier (temporal),lut,4,,skipped,,,,,,,,,,,,,,,,,,Skip remaining seeds when first two attempts both time out below generation 50.
2x2 multiplier (temporal),lut,5,,skipped,,,,,,,,,,,,,,,,,,Skip remaining seeds when first two attempts both time out below generation 50.
2x2 multiplier (temporal),lut,6,,skipped,,,,,,,,,,,,,,,,,,Skip remaining seeds when first two attempts both time out below generation 50.
2x2 multiplier (temporal),lut,7,,skipped,,,,,,,,,,,,,,,,,,Skip remaining seeds when first two attempts both time out below generation 50.
2x2 multiplier (temporal),lut,8,,skipped,,,,,,,,,,,,,,,,,,Skip remaining seeds when first two attempts both time out below generation 50.
2x2 multiplier (temporal),lut,9,,skipped,,,,,,,,,,,,,,,,,,Skip remaining seeds when first two attempts both time out below generation 50.
